idx,label,nov_score
242,NG_063111.1,0.11394421344557937
227,NG_063111.1,0.11124612435539005
245,NG_063111.1,0.10931347606974307
212,NG_063111.1,0.10735613175962333
152,NG_063110.1,0.10432250650232244
156,NG_063110.1,0.0968839081889834
180,NG_063110.1,0.09677066984842353
197,NG_063110.1,0.09519298230348838
405,NG_061105.1,0.07965525079211655
175,NG_063110.1,0.0705929341538255
419,NG_061105.1,0.0645817061626327
401,NG_061105.1,0.06252941290589009
967,NG_065154.1,0.053949136916313756
60,NG_065153.1,0.03996623643023678
1653,NG_063104.1,0.036717804108577834
1820,NG_070799.1,0.035197382104164676
999,NG_065154.1,0.033803708919096565
1933,NG_061300.1,0.033181581628071166
1181,NG_062444.1,0.03245405448570493
1869,NG_065159.1,0.02997751979335128
1765,NG_063107.1,0.02997751979335128
1993,NG_062442.1,0.029291554499758732
410,NG_061105.1,0.028236974315774654
1772,NG_063107.1,0.0262480493362498
993,NG_065154.1,0.0257124725806418
1648,NG_063105.1,0.023000787450417892
465,NG_062443.1,0.022336962701479335
427,NG_061105.1,0.02127406976234747
1150,NG_062444.1,0.017033941182966972
1734,NG_063108.1,0.014691627209515556
1710,NG_063108.1,0.014300201717973193
1705,NG_063108.1,0.014300201717973193
484,NG_062443.1,0.010798145007182347
203,NG_063111.1,0.010597537008594782
421,NG_061105.1,0.009972050825692969
532,NG_062140.1,0.006438646281238358
1706,NG_063108.1,0.004913267464748294
662,NG_063524.1,0.004390124819641517
1430,NG_063531.1,0.003235857813723375
2029,NG_017185.1,0.0013446361596557432
2037,NG_017185.1,0.0013446361596557432
1699,NG_063104.1,-2.7441554278695435e-05
1073,NG_065803.1,-0.001138848472638676
447,NG_061105.1,-0.0013362385075798011
990,NG_065154.1,-0.0017415586187085053
1415,NG_063531.1,-0.0020745569683707776
1642,NG_063105.1,-0.004183099893176667
2041,NG_017185.1,-0.004245079558258813
1122,NG_065158.1,-0.004795315901188646
1649,NG_063105.1,-0.00738371382185643
1519,NG_061036.1,-0.008185423136935599
1688,NG_063104.1,-0.009060050814540088
517,NG_062140.1,-0.009522253176838968
1058,NG_065803.1,-0.010070830148863674
519,NG_062140.1,-0.010264624609633621
1414,NG_063531.1,-0.011287096295521382
1107,NG_065158.1,-0.011552350399591238
1429,NG_063531.1,-0.012693348113004044
575,NG_063521.1,-0.01288139052383952
1616,NG_063105.1,-0.013288151694175299
456,NG_062443.1,-0.016042830556448395
94,NG_065153.1,-0.01626570160158125
1079,NG_065803.1,-0.01772905430120708
698,NG_063524.1,-0.018488198592286786
86,NG_065153.1,-0.019084111073104815
14,NG_065155.1,-0.019295955488483174
200,NG_063111.1,-0.019559277119318264
1282,NG_063529.1,-0.02255255402332912
1479,NG_063532.1,-0.022641939881727358
1472,NG_063532.1,-0.02270521094113309
1076,NG_065803.1,-0.02363218407523382
1126,NG_065158.1,-0.02419529113144403
1092,NG_065803.1,-0.024908296248576045
500,NG_062140.1,-0.02537414486615419
1818,NG_070799.1,-0.025407869430826735
235,NG_063111.1,-0.026336066837061467
247,NG_063111.1,-0.026352451024882706
1863,NG_065159.1,-0.027132882549758763
243,NG_063111.1,-0.028759430613652937
233,NG_063111.1,-0.029072760914304885
1884,NG_065159.1,-0.030934611587166705
431,NG_061105.1,-0.0323327394610069
1900,NG_061300.1,-0.03257000938861321
189,NG_063110.1,-0.033728347112263135
1878,NG_065159.1,-0.03426358606988267
1405,NG_063531.1,-0.034360547155121934
1128,NG_065158.1,-0.035259856493989106
994,NG_065154.1,-0.0352822182891811
953,NG_065154.1,-0.03549570668355484
184,NG_063110.1,-0.03593974698949831
803,NG_063101.1,-0.0364630019020622
1919,NG_061300.1,-0.03661192867983021
225,NG_063111.1,-0.03663537990601373
1081,NG_065803.1,-0.036638720200355746
1300,NG_063530.1,-0.03676904014115645
1309,NG_063530.1,-0.03676904014115645
210,NG_063111.1,-0.036771414896806465
1845,NG_070799.1,-0.03677661811533284
38,NG_065155.1,-0.03697618522673607
1750,NG_063107.1,-0.03724333195178198
23,NG_065155.1,-0.03750425041270211
1119,NG_065158.1,-0.038012556079277005
1511,NG_061036.1,-0.03827358260287772
1533,NG_061036.1,-0.03857280676864305
240,NG_063111.1,-0.03857589990976462
217,NG_063111.1,-0.03921695697361005
868,NG_063102.1,-0.039428943753060275
223,NG_063111.1,-0.04001280489076864
182,NG_063110.1,-0.04124606927792651
1871,NG_065159.1,-0.04141318372419578
238,NG_063111.1,-0.04162929376602742
1549,NG_061036.1,-0.04243232936916497
42,NG_065155.1,-0.04360290196550021
1755,NG_063107.1,-0.04397777365193556
2009,NG_017185.1,-0.04572074006431026
882,NG_063102.1,-0.04585173814709553
1867,NG_065159.1,-0.04624768921558453
1689,NG_063104.1,-0.046442816937875664
45,NG_065155.1,-0.04672326705872332
570,NG_063521.1,-0.04692085898990073
581,NG_063521.1,-0.0471050482394868
845,NG_063101.1,-0.04712983999074427
1849,NG_070799.1,-0.04740383455663544
1656,NG_063104.1,-0.047908566448801704
1608,NG_063105.1,-0.04824225107532898
1880,NG_065159.1,-0.048270497429648396
154,NG_063110.1,-0.04857245837841684
224,NG_063111.1,-0.048637248234515096
1630,NG_063105.1,-0.04904154265512961
483,NG_062443.1,-0.049245310581135904
480,NG_062443.1,-0.04926103566385298
822,NG_063101.1,-0.04940665260224908
1965,NG_062442.1,-0.04960655220392707
1827,NG_070799.1,-0.04979947596899803
464,NG_062443.1,-0.04983208611541201
978,NG_065154.1,-0.05013233249345772
1980,NG_062442.1,-0.050238985164414385
1935,NG_061300.1,-0.050238985164414385
1936,NG_061300.1,-0.05050319588860208
1144,NG_065158.1,-0.05053305019186394
520,NG_062140.1,-0.0506548360086847
1780,NG_063107.1,-0.050700526416984526
893,NG_063102.1,-0.051358851855679566
1451,NG_063532.1,-0.05149647965506532
1185,NG_062444.1,-0.05212254497113078
1190,NG_062444.1,-0.05212254497113078
534,NG_062140.1,-0.05239517791024639
32,NG_065155.1,-0.05244713433958548
1116,NG_065158.1,-0.052482585869154885
162,NG_063110.1,-0.053179410075761546
1983,NG_062442.1,-0.05318868988828418
890,NG_063102.1,-0.05324242409279134
1895,NG_065159.1,-0.05325341561223873
59,NG_065153.1,-0.05385202762689101
151,NG_063110.1,-0.054331619522669294
1949,NG_061300.1,-0.05469947544008669
206,NG_063111.1,-0.054746987036811245
1959,NG_062442.1,-0.054952031673266344
219,NG_063111.1,-0.05520038031142738
1626,NG_063105.1,-0.05552131788402992
833,NG_063101.1,-0.05559946230583945
1611,NG_063105.1,-0.05562491213228005
1146,NG_065158.1,-0.055840624085529145
1891,NG_065159.1,-0.055840624085529145
196,NG_063110.1,-0.055879988878825615
826,NG_063101.1,-0.0562167559565705
1999,NG_062442.1,-0.05644585692264048
199,NG_063110.1,-0.056609576296499986
975,NG_065154.1,-0.056609576296499986
507,NG_062140.1,-0.057162753009848966
1753,NG_063107.1,-0.057845428083041384
1080,NG_065803.1,-0.05787478503264565
16,NG_065155.1,-0.058286274026298934
850,NG_063102.1,-0.05851460770036865
1063,NG_065803.1,-0.058861191027558935
44,NG_065155.1,-0.05953897473727332
1684,NG_063104.1,-0.059592916767901016
1846,NG_070799.1,-0.05986700246828658
1996,NG_062442.1,-0.05998799258258636
1807,NG_070799.1,-0.06004993755008692
1164,NG_062444.1,-0.0604634158909414
1675,NG_063104.1,-0.06047388423017663
471,NG_062443.1,-0.06049222523328368
1141,NG_065158.1,-0.06073682384017465
1246,NG_070788.1,-0.060737767335430126
163,NG_063110.1,-0.06101890940971266
872,NG_063102.1,-0.06111196052502377
1954,NG_062442.1,-0.06118014027767116
1614,NG_063105.1,-0.06151662868728003
1255,NG_063529.1,-0.061752119074885314
1137,NG_065158.1,-0.06211171895241574
1069,NG_065803.1,-0.062385760938306056
494,NG_062443.1,-0.06265888916705109
425,NG_061105.1,-0.06267834772010272
1145,NG_065158.1,-0.0629239292592314
849,NG_063101.1,-0.0629537292427157
1859,NG_065159.1,-0.0629908209989063
1982,NG_062442.1,-0.06308529400050178
352,NG_061032.1,-0.0631080406811112
1963,NG_062442.1,-0.06325808488634799
30,NG_065155.1,-0.06348795004832797
1458,NG_063532.1,-0.06349072688218449
964,NG_065154.1,-0.06356761123495935
173,NG_063110.1,-0.06367959629437336
89,NG_065153.1,-0.0639433110980534
1674,NG_063104.1,-0.0642696721860534
1059,NG_065803.1,-0.06427058737244307
1510,NG_061036.1,-0.06436801614197607
143,NG_062683.1,-0.06438687178849012
1757,NG_063107.1,-0.06475340275874375
170,NG_063110.1,-0.06475994507422833
721,NG_061034.1,-0.06484264090727654
1719,NG_063108.1,-0.0649488650779787
492,NG_062443.1,-0.06497877336171665
165,NG_063110.1,-0.06515336058502541
479,NG_062443.1,-0.06516157780425214
1998,NG_062442.1,-0.06524396804744614
230,NG_063111.1,-0.06558670063945826
1897,NG_065159.1,-0.06559987850945981
1735,NG_063108.1,-0.06573269793175474
2010,NG_017185.1,-0.06584010717757416
1842,NG_070799.1,-0.06591404684450108
1847,NG_070799.1,-0.06613424300578896
1685,NG_063104.1,-0.06626651929702265
1151,NG_062444.1,-0.06636426920301652
191,NG_063110.1,-0.06644794889034078
280,NG_065156.1,-0.06645686488896607
512,NG_062140.1,-0.0665921399066256
1952,NG_062442.1,-0.06664706859552827
1089,NG_065803.1,-0.06677238052057177
1838,NG_070799.1,-0.06678327538598994
627,NG_063522.1,-0.06686169973956835
1632,NG_063105.1,-0.06697559111737839
1153,NG_062444.1,-0.06698226564985066
1733,NG_063108.1,-0.06701039396899466
166,NG_063110.1,-0.06710734938389518
450,NG_062443.1,-0.06718522987709497
1902,NG_061300.1,-0.0672769429985074
1913,NG_061300.1,-0.06750262744561686
1199,NG_062444.1,-0.06798707412901339
164,NG_063110.1,-0.06810683106418736
974,NG_065154.1,-0.06813804096195564
178,NG_063110.1,-0.06825474619119798
1601,NG_063105.1,-0.06842746854662463
970,NG_065154.1,-0.06858766309570952
181,NG_063110.1,-0.06872559116816757
665,NG_063524.1,-0.06889010164806986
1094,NG_065803.1,-0.0689630201875191
584,NG_063521.1,-0.06907406608023225
1778,NG_063107.1,-0.06919374865199635
476,NG_062443.1,-0.06920503337353823
1173,NG_062444.1,-0.06928952646788877
246,NG_063111.1,-0.06931802209610305
1212,NG_070788.1,-0.06948084697363643
1356,NG_061040.1,-0.06955865189302968
215,NG_063111.1,-0.0696542375242939
204,NG_063111.1,-0.0697854519576836
442,NG_061105.1,-0.06994440045641448
457,NG_062443.1,-0.07004636032021905
171,NG_063110.1,-0.07018183945626688
1093,NG_065803.1,-0.07037366913898535
1117,NG_065158.1,-0.0705439332232014
441,NG_061105.1,-0.07060657999427211
193,NG_063110.1,-0.07061000282546848
961,NG_065154.1,-0.07067596487815953
406,NG_061105.1,-0.07074000484876697
1136,NG_065158.1,-0.07090662110812884
503,NG_062140.1,-0.07096675174753675
286,NG_065156.1,-0.07108720891725673
1484,NG_063532.1,-0.07150317800781358
1876,NG_065159.1,-0.07153322212761004
1997,NG_062442.1,-0.07161584701176293
940,NG_065802.1,-0.07171825843426649
278,NG_065156.1,-0.07189619077189369
1114,NG_065158.1,-0.07198204454426649
780,NG_062141.1,-0.07205945358558274
469,NG_062443.1,-0.07209085173720764
448,NG_061105.1,-0.07217311634550938
1955,NG_062442.1,-0.07232643218261436
1062,NG_065803.1,-0.07264439090412789
1099,NG_065803.1,-0.07268092212656074
481,NG_062443.1,-0.07312360634162696
1712,NG_063108.1,-0.07317163195395804
213,NG_063111.1,-0.07320417388405354
682,NG_063524.1,-0.0732994296116527
1147,NG_065158.1,-0.0733736904450134
1722,NG_063108.1,-0.0733985643116929
1783,NG_063107.1,-0.07365749118940967
92,NG_065153.1,-0.0738625641453392
402,NG_061105.1,-0.07387904079940955
528,NG_062140.1,-0.0739472762430411
159,NG_063110.1,-0.07405742668952009
1810,NG_070799.1,-0.0741521680585907
1926,NG_061300.1,-0.0741521680585907
1943,NG_061300.1,-0.0741521680585907
263,NG_065156.1,-0.0741521680585907
1841,NG_070799.1,-0.07435612304190009
805,NG_063101.1,-0.07467389848133521
1091,NG_065803.1,-0.07485178126619874
972,NG_065154.1,-0.07514150879340764
489,NG_062443.1,-0.07521763250448588
249,NG_063111.1,-0.07533321294804296
782,NG_062141.1,-0.07534926601494707
207,NG_063111.1,-0.07566287855029552
1068,NG_065803.1,-0.07582946908666044
1953,NG_062442.1,-0.07595192537053619
20,NG_065155.1,-0.07635008457774717
762,NG_062141.1,-0.0765974427471986
487,NG_062443.1,-0.07670011080404271
112,NG_062683.1,-0.07691194318673245
1189,NG_062444.1,-0.07696811132316972
894,NG_063102.1,-0.07709965365632865
1775,NG_063107.1,-0.07741579850292646
467,NG_062443.1,-0.0775506866751351
274,NG_065156.1,-0.07814689912468242
1944,NG_061300.1,-0.07826802624347362
218,NG_063111.1,-0.07835705722935338
843,NG_063101.1,-0.07841247188820788
1187,NG_062444.1,-0.07846966566989644
432,NG_061105.1,-0.07849002277081574
778,NG_062141.1,-0.07856668820173951
1109,NG_065158.1,-0.0787290901956118
1193,NG_062444.1,-0.0787791576862037
1050,NG_065803.1,-0.07925380155650119
269,NG_065156.1,-0.07943236141238585
1702,NG_063108.1,-0.07949816699915868
1839,NG_070799.1,-0.07965842102747145
387,NG_061032.1,-0.07986956830443193
12,NG_065155.1,-0.07996676091970334
71,NG_065153.1,-0.0800584522789467
279,NG_065156.1,-0.08011584550666628
1149,NG_065158.1,-0.08037713103832045
1279,NG_063529.1,-0.08044372385067544
1227,NG_070788.1,-0.08102129595951746
1485,NG_063532.1,-0.08133782624542674
821,NG_063101.1,-0.08133863711932798
1123,NG_065158.1,-0.0816337668057483
1978,NG_062442.1,-0.08168267819593833
1646,NG_063105.1,-0.08182129186427078
429,NG_061105.1,-0.08187502659731838
1624,NG_063105.1,-0.08205064099967874
1809,NG_070799.1,-0.0820736565356931
53,NG_065153.1,-0.082155364986223
1640,NG_063105.1,-0.08218006690115465
176,NG_063110.1,-0.08220451308253629
816,NG_063101.1,-0.08227245907871472
1787,NG_063107.1,-0.08259302975375504
27,NG_065155.1,-0.08268007314224479
1247,NG_070788.1,-0.08361118592003258
1723,NG_063108.1,-0.08402449336019191
1604,NG_063105.1,-0.08417480063549043
1240,NG_070788.1,-0.08420385341502234
1615,NG_063105.1,-0.08433850529852016
947,NG_065802.1,-0.0843998680036736
639,NG_063522.1,-0.08440206325343169
62,NG_065153.1,-0.08453580700778895
1864,NG_065159.1,-0.08454993215693418
945,NG_065802.1,-0.08465570775571474
1659,NG_063104.1,-0.08511728640523142
1791,NG_063107.1,-0.085155618887782
1835,NG_070799.1,-0.08518795095293119
1826,NG_070799.1,-0.08533216747162298
24,NG_065155.1,-0.085344459478219
1931,NG_061300.1,-0.08536551750722665
740,NG_061034.1,-0.08536752161671701
1306,NG_063530.1,-0.08538620389680074
1843,NG_070799.1,-0.08581626771272888
1682,NG_063104.1,-0.08606685484318499
919,NG_065802.1,-0.08629668592999529
2023,NG_017185.1,-0.08629742064840384
283,NG_065156.1,-0.08632958749901742
1899,NG_065159.1,-0.08652319823518428
1661,NG_063104.1,-0.08659212885575351
1196,NG_062444.1,-0.08659212885575351
1754,NG_063107.1,-0.08662642141534527
1204,NG_070788.1,-0.08662673967251489
276,NG_065156.1,-0.08686652790307237
980,NG_065154.1,-0.08688340911400305
1802,NG_070799.1,-0.08691660600657414
1195,NG_062444.1,-0.08708123248075406
737,NG_061034.1,-0.08730252523822501
1278,NG_063529.1,-0.08756156774705681
1713,NG_063108.1,-0.0876029918567387
1101,NG_065158.1,-0.08767011533361402
1873,NG_065159.1,-0.08791847969097144
1711,NG_063108.1,-0.08816888275422397
452,NG_062443.1,-0.08817588137788324
1911,NG_061300.1,-0.08864238851882522
1901,NG_061300.1,-0.08864238851882522
1610,NG_063105.1,-0.08883357969787264
1694,NG_063104.1,-0.08888559747972746
315,NG_061033.1,-0.08899265917619414
1975,NG_062442.1,-0.08900473071814397
1916,NG_061300.1,-0.08905786178673214
642,NG_063522.1,-0.08917117890427229
514,NG_062140.1,-0.08928034021745934
1349,NG_063530.1,-0.08933898718568922
1186,NG_062444.1,-0.08937804699141372
322,NG_061033.1,-0.0894050389837352
475,NG_062443.1,-0.08962606216593172
1102,NG_065158.1,-0.08966363295464208
1165,NG_062444.1,-0.08973566949209044
1113,NG_065158.1,-0.08984407578473885
52,NG_065153.1,-0.08987024168553648
1637,NG_063105.1,-0.08995488873238022
1178,NG_062444.1,-0.09007111083733221
289,NG_065156.1,-0.09038064608743457
1850,NG_065159.1,-0.0904455514681598
971,NG_065154.1,-0.09047339044095692
1191,NG_062444.1,-0.09066594558574315
99,NG_065153.1,-0.09095519793128326
1681,NG_063104.1,-0.0909683784891514
988,NG_065154.1,-0.09100085938250968
982,NG_065154.1,-0.09124656812427889
558,NG_063521.1,-0.09128089964865738
1633,NG_063105.1,-0.09136885021192398
0,NG_065155.1,-0.09156329022407672
85,NG_065153.1,-0.09162430451147074
1207,NG_070788.1,-0.09183567548216276
1828,NG_070799.1,-0.09184200128839648
1924,NG_061300.1,-0.09190609771000924
1714,NG_063108.1,-0.09190609771000924
1171,NG_062444.1,-0.09193071876964343
1958,NG_062442.1,-0.09198172579314012
1667,NG_063104.1,-0.09203188450536748
1142,NG_065158.1,-0.09218547869044069
1928,NG_061300.1,-0.0926934895825553
1410,NG_063531.1,-0.09295423911203282
1118,NG_065158.1,-0.09298791937941042
1125,NG_065158.1,-0.09298791937941042
1249,NG_070788.1,-0.09321563657446252
290,NG_065156.1,-0.09328301350091694
1728,NG_063108.1,-0.0934452371144926
1817,NG_070799.1,-0.09363340020997085
1280,NG_063529.1,-0.0936460619497842
976,NG_065154.1,-0.09379843572873414
495,NG_062443.1,-0.093824482977585
1348,NG_063530.1,-0.0938679082966819
1758,NG_063107.1,-0.09389655349901022
1840,NG_070799.1,-0.09409709343093065
1668,NG_063104.1,-0.09414261753038472
37,NG_065155.1,-0.0943200396366668
499,NG_062443.1,-0.09437172882974293
1914,NG_061300.1,-0.09439027549354811
944,NG_065802.1,-0.09440685085885114
647,NG_063522.1,-0.09471868101621866
1517,NG_061036.1,-0.09497612314018178
1,NG_065155.1,-0.09510148678949842
886,NG_063102.1,-0.09515577342465953
1696,NG_063104.1,-0.0952861155250363
453,NG_062443.1,-0.09531246015674394
1785,NG_063107.1,-0.0953653425845572
801,NG_063101.1,-0.09538651651548152
1870,NG_065159.1,-0.09542578208625285
1833,NG_070799.1,-0.0954670871236824
1806,NG_070799.1,-0.09552458639825712
264,NG_065156.1,-0.09560369597976942
1571,NG_061037.1,-0.09576122271385734
1635,NG_063105.1,-0.09585559629342838
49,NG_065155.1,-0.09589282994854009
1177,NG_062444.1,-0.09633786604665084
705,NG_061034.1,-0.09634311127953676
1061,NG_065803.1,-0.09671202663371381
1638,NG_063105.1,-0.09680863457377564
631,NG_063522.1,-0.09696994339930975
496,NG_062443.1,-0.09714254711043202
1051,NG_065803.1,-0.09716735615114491
1761,NG_063107.1,-0.09731020223427866
1399,NG_061040.1,-0.0976373202199386
1939,NG_061300.1,-0.09767930147759124
2021,NG_017185.1,-0.09770327674832457
788,NG_062141.1,-0.09774015434555161
384,NG_061032.1,-0.09780010758015073
323,NG_061033.1,-0.09780393105600371
1420,NG_063531.1,-0.09789516623601535
1281,NG_063529.1,-0.09815771201542578
407,NG_061105.1,-0.09829987749779695
2018,NG_017185.1,-0.09840811937563154
137,NG_062683.1,-0.0988839390622005
1066,NG_065803.1,-0.09905254790749007
836,NG_063101.1,-0.09907700784508894
664,NG_063524.1,-0.09913298765802137
1824,NG_070799.1,-0.09916154355311363
1455,NG_063532.1,-0.09925481607171927
649,NG_063522.1,-0.09948936312604673
1742,NG_063108.1,-0.09959152078167738
108,NG_062683.1,-0.09969021627634506
237,NG_063111.1,-0.09992315469460428
1737,NG_063108.1,-0.09993379492017901
1481,NG_063532.1,-0.10013941915399727
985,NG_065154.1,-0.10017835271809239
1400,NG_063531.1,-0.100322753104374
449,NG_061105.1,-0.10035247769612193
839,NG_063101.1,-0.10040223759372252
21,NG_065155.1,-0.1004425280602721
1310,NG_063530.1,-0.10045141131491597
1378,NG_061040.1,-0.10053435969706337
1138,NG_065158.1,-0.10067930248524787
1501,NG_061036.1,-0.10069748950648094
1872,NG_065159.1,-0.10090981174112879
1106,NG_065158.1,-0.10091414976504254
9,NG_065155.1,-0.10098915555151156
1337,NG_063530.1,-0.10113268835751482
1004,NG_065157.1,-0.1011373632496137
1941,NG_061300.1,-0.10120090735589699
1584,NG_061037.1,-0.10127533489313723
896,NG_063102.1,-0.10132565187826564
785,NG_062141.1,-0.10136928802235445
1556,NG_061037.1,-0.10142576093472627
1852,NG_065159.1,-0.10147410428760223
802,NG_063101.1,-0.10151058527740581
1219,NG_070788.1,-0.10169364599622177
1345,NG_063530.1,-0.10205085751149878
26,NG_065155.1,-0.10206023568455103
643,NG_063522.1,-0.10214277950065465
1003,NG_065157.1,-0.10222657132858476
362,NG_061032.1,-0.10240757911275927
755,NG_062141.1,-0.10241647937872156
371,NG_061032.1,-0.10243767401477938
1170,NG_062444.1,-0.10268661676188856
1760,NG_063107.1,-0.10271783291496955
757,NG_062141.1,-0.10279282277965834
69,NG_065153.1,-0.10305164791177229
1909,NG_061300.1,-0.10315462750504284
900,NG_065802.1,-0.10350190358523148
1618,NG_063105.1,-0.10366110132621087
1673,NG_063104.1,-0.10379332245745593
767,NG_062141.1,-0.10380814605418953
1976,NG_062442.1,-0.10387948277603626
1908,NG_061300.1,-0.10389376333413225
1252,NG_063529.1,-0.10397309722145687
18,NG_065155.1,-0.10403379479435454
1241,NG_070788.1,-0.10482775046566711
1746,NG_063108.1,-0.10532506183305246
63,NG_065153.1,-0.1053264170163028
1650,NG_063104.1,-0.10533916060595022
1172,NG_062444.1,-0.10534833004934413
1948,NG_061300.1,-0.10539520440216987
1905,NG_061300.1,-0.10539520440216987
1179,NG_062444.1,-0.1054149185495954
221,NG_063111.1,-0.10547475596440242
1329,NG_063530.1,-0.10558370274036788
1654,NG_063104.1,-0.1055949189370401
702,NG_061034.1,-0.10577155905648011
1701,NG_063108.1,-0.10581287308584097
1927,NG_061300.1,-0.1059797843642854
1336,NG_063530.1,-0.10600531685579906
293,NG_065156.1,-0.10601322125892798
296,NG_065156.1,-0.10615992924816153
1903,NG_061300.1,-0.10616949583553137
1088,NG_065803.1,-0.10624745740492103
1605,NG_063105.1,-0.1063188372249344
1883,NG_065159.1,-0.10638321698111214
1707,NG_063108.1,-0.10639045298673683
443,NG_061105.1,-0.10641722993522962
1082,NG_065803.1,-0.10650663730163568
1161,NG_062444.1,-0.10663818498215072
1129,NG_065158.1,-0.10675612383308575
271,NG_065156.1,-0.10679995052986252
451,NG_062443.1,-0.10683527793941
202,NG_063111.1,-0.10712977632464471
566,NG_063521.1,-0.10718066062323706
1643,NG_063105.1,-0.10720398829815864
1894,NG_065159.1,-0.1073530582726826
1617,NG_063105.1,-0.10737400308447864
1566,NG_061037.1,-0.10746210703205666
241,NG_063111.1,-0.10765735540253579
347,NG_061033.1,-0.10778734298157872
1985,NG_062442.1,-0.10780198584928041
1730,NG_063108.1,-0.10784014404440445
860,NG_063102.1,-0.10787338554155113
1333,NG_063530.1,-0.10804106770854388
1769,NG_063107.1,-0.10807027025929772
336,NG_061033.1,-0.1081034774010039
131,NG_062683.1,-0.10815748381600176
1071,NG_065803.1,-0.10816541315563177
837,NG_063101.1,-0.10821503733236404
46,NG_065155.1,-0.10829850167918514
292,NG_065156.1,-0.10836255510865428
542,NG_062140.1,-0.10842809776852314
2044,NG_017185.1,-0.10855860974674197
671,NG_063524.1,-0.10877863338837312
1127,NG_065158.1,-0.10878255049495139
1612,NG_063105.1,-0.10886189967927995
1305,NG_063530.1,-0.10889039429853498
43,NG_065155.1,-0.10891688200342309
232,NG_063111.1,-0.10898763155508157
1105,NG_065158.1,-0.10900478697718707
98,NG_065153.1,-0.1090455292407258
437,NG_061105.1,-0.10917555536657703
718,NG_061034.1,-0.10924767098219401
1744,NG_063108.1,-0.1093010743171543
1945,NG_061300.1,-0.10945402287256423
463,NG_062443.1,-0.10946761594749899
915,NG_065802.1,-0.10954176406606181
1970,NG_062442.1,-0.10962102207170055
1090,NG_065803.1,-0.1096312013454947
1786,NG_063107.1,-0.10967509915206752
1574,NG_061037.1,-0.10973152696864441
1874,NG_065159.1,-0.10985736000946156
1536,NG_061036.1,-0.11000394592233848
1060,NG_065803.1,-0.11000624710517554
1318,NG_063530.1,-0.11027250188028609
1158,NG_062444.1,-0.11028361790488617
5,NG_065155.1,-0.11031622423495269
1078,NG_065803.1,-0.11034019070865081
1043,NG_065157.1,-0.11061576952899038
1035,NG_065157.1,-0.11063765609438442
1764,NG_063107.1,-0.11064260814573113
986,NG_065154.1,-0.11092098749491958
616,NG_063522.1,-0.11094659988592376
1606,NG_063105.1,-0.11095212950298522
688,NG_063524.1,-0.11096779882297508
220,NG_063111.1,-0.11127157672138088
1679,NG_063104.1,-0.11140200676832762
1381,NG_061040.1,-0.1114797150959343
869,NG_063102.1,-0.11154552744202267
1627,NG_063105.1,-0.11154843671838843
1493,NG_063532.1,-0.11162882299131749
1139,NG_065158.1,-0.1116830486707942
1950,NG_062442.1,-0.11174228541786707
436,NG_061105.1,-0.11176273666024455
198,NG_063110.1,-0.1118767274481165
1602,NG_063105.1,-0.1119808178475869
459,NG_062443.1,-0.11198392119173073
922,NG_065802.1,-0.11203636061368749
1226,NG_070788.1,-0.11236777840599027
396,NG_061032.1,-0.11250160558164068
951,NG_065154.1,-0.11274848907924057
248,NG_063111.1,-0.11275840126596642
1920,NG_061300.1,-0.1128229686966839
641,NG_063522.1,-0.11283392423243988
119,NG_062683.1,-0.11298784593420497
1498,NG_063532.1,-0.1129951396145829
1406,NG_063531.1,-0.11303334916126517
1896,NG_065159.1,-0.11304982069391861
1731,NG_063108.1,-0.11305541947372477
58,NG_065153.1,-0.11314937555900345
1543,NG_061036.1,-0.11315287778852617
1565,NG_061037.1,-0.11321110139700569
340,NG_061033.1,-0.11321859953798707
1717,NG_063108.1,-0.11335693920711531
1957,NG_062442.1,-0.1134534380672591
1098,NG_065803.1,-0.11370134699809864
1865,NG_065159.1,-0.11384918692399632
1403,NG_063531.1,-0.11385621657317657
1327,NG_063530.1,-0.11393667171366156
172,NG_063110.1,-0.11398976347324596
327,NG_061033.1,-0.11399966268458217
1695,NG_063104.1,-0.11407543198181724
1390,NG_061040.1,-0.11428476102932994
400,NG_061105.1,-0.1143260829003076
486,NG_062443.1,-0.11444818659753692
1811,NG_070799.1,-0.11449878685943204
658,NG_063524.1,-0.11450560803565962
1463,NG_063532.1,-0.11450560803565962
228,NG_063111.1,-0.11450875235217473
259,NG_065156.1,-0.11470838432205926
1367,NG_061040.1,-0.11472517426116108
592,NG_063521.1,-0.11474594632937196
704,NG_061034.1,-0.11474955663968739
1697,NG_063104.1,-0.11476973295236448
1848,NG_070799.1,-0.11477412623796368
1250,NG_063529.1,-0.11481525727386915
114,NG_062683.1,-0.1149022668670826
1295,NG_063529.1,-0.1149969946268411
753,NG_062141.1,-0.11507202130100136
1298,NG_063529.1,-0.11515589459692993
618,NG_063522.1,-0.11521048644736509
942,NG_065802.1,-0.11521586575869214
1307,NG_063530.1,-0.11524074001440421
1762,NG_063107.1,-0.11524128355429375
1625,NG_063105.1,-0.11533331726082557
95,NG_065153.1,-0.11535069416346372
615,NG_063522.1,-0.11541746428111738
1313,NG_063530.1,-0.11545083729292704
15,NG_065155.1,-0.11562161206142868
1365,NG_061040.1,-0.11575291118429581
637,NG_063522.1,-0.11579841997748369
1851,NG_065159.1,-0.11584289938288567
488,NG_062443.1,-0.11591024361335156
857,NG_063102.1,-0.11594952142033105
125,NG_062683.1,-0.11604586700689234
933,NG_065802.1,-0.11610042325293446
1856,NG_065159.1,-0.11611604711960882
699,NG_063524.1,-0.11614350382554428
808,NG_063101.1,-0.11640734038034578
995,NG_065154.1,-0.1166451813476832
1613,NG_063105.1,-0.11674638735465487
1974,NG_062442.1,-0.11676250409775812
613,NG_063522.1,-0.11683603068132603
1166,NG_062444.1,-0.11694137023278878
887,NG_063102.1,-0.1169727636859404
168,NG_063110.1,-0.11702819148483556
205,NG_063111.1,-0.11702819148483556
1836,NG_070799.1,-0.11718097646572578
1906,NG_061300.1,-0.11780472595724684
1893,NG_065159.1,-0.11782717663400799
640,NG_063522.1,-0.11788429320392019
1331,NG_063530.1,-0.11788745433530234
1374,NG_061040.1,-0.1179002011880188
1882,NG_065159.1,-0.11791022766222925
35,NG_065155.1,-0.11798994616835368
823,NG_063101.1,-0.1183757333032397
1335,NG_063530.1,-0.11842617395740235
587,NG_063521.1,-0.11847042627112858
1235,NG_070788.1,-0.11864139432669074
1805,NG_070799.1,-0.11871581912609896
1293,NG_063529.1,-0.11876920325840462
661,NG_063524.1,-0.11881515389802927
68,NG_065153.1,-0.11890048192447655
2046,NG_017185.1,-0.11903920850644667
565,NG_063521.1,-0.1191016827166978
1994,NG_062442.1,-0.11913245703294711
1064,NG_065803.1,-0.11913245703294711
1070,NG_065803.1,-0.11922695262348154
505,NG_062140.1,-0.11949094681317063
607,NG_063522.1,-0.11951668879167787
6,NG_065155.1,-0.11960443139344346
885,NG_063102.1,-0.11962225653090275
1370,NG_061040.1,-0.11964944587071336
297,NG_065156.1,-0.1197064655128467
1628,NG_063105.1,-0.11978183872485848
969,NG_065154.1,-0.11982069974203785
1176,NG_062444.1,-0.11984761644340397
1320,NG_063530.1,-0.11986181611210839
1160,NG_062444.1,-0.11989195465913577
1530,NG_061036.1,-0.12008478904713338
812,NG_063101.1,-0.12024267284567763
1352,NG_061040.1,-0.12024504935975933
1018,NG_065157.1,-0.12036867932240847
590,NG_063521.1,-0.12040446842935143
1157,NG_062444.1,-0.12045717693780505
1779,NG_063107.1,-0.12048189117453734
879,NG_063102.1,-0.12048701827710889
674,NG_063524.1,-0.1204892440879386
1322,NG_063530.1,-0.12058205465724908
1325,NG_063530.1,-0.12079405759027528
793,NG_062141.1,-0.1208039103180718
422,NG_061105.1,-0.12099957380989468
408,NG_061105.1,-0.12099957380989468
404,NG_061105.1,-0.12105825333308001
569,NG_063521.1,-0.12108568281098958
253,NG_065156.1,-0.12110108010274084
1095,NG_065803.1,-0.12112709435343089
1389,NG_061040.1,-0.1211728869294536
1276,NG_063529.1,-0.1211846283320544
1781,NG_063107.1,-0.12121975842997068
521,NG_062140.1,-0.12137153782749383
730,NG_061034.1,-0.12141294731383745
1341,NG_063530.1,-0.12142835906276456
1657,NG_063104.1,-0.12152630728575348
1007,NG_065157.1,-0.1215653016562967
958,NG_065154.1,-0.1217032321643417
952,NG_065154.1,-0.12182139007430748
1459,NG_063532.1,-0.12188791575516839
648,NG_063522.1,-0.12189820961687192
1010,NG_065157.1,-0.12212105418793134
1929,NG_061300.1,-0.12216930355512728
557,NG_063521.1,-0.1223472175676878
318,NG_061033.1,-0.12237551744343556
106,NG_062683.1,-0.12240425541042771
301,NG_061033.1,-0.12246778992617785
1334,NG_063530.1,-0.12260571900142808
1857,NG_065159.1,-0.12266235809888953
124,NG_062683.1,-0.12273581834565778
764,NG_062141.1,-0.12274974497195035
1183,NG_062444.1,-0.12276872571207059
1351,NG_061040.1,-0.12276879748117081
1644,NG_063105.1,-0.12277702313060229
1039,NG_065157.1,-0.12279639689597271
703,NG_061034.1,-0.12288310809495784
50,NG_065153.1,-0.1229462470433576
1677,NG_063104.1,-0.12300666683238393
1888,NG_065159.1,-0.12309216446239624
1398,NG_061040.1,-0.1230926963186656
1691,NG_063104.1,-0.12313093613311782
54,NG_065153.1,-0.12321099438379007
28,NG_065155.1,-0.12326434040591888
31,NG_065155.1,-0.1232718781321977
1201,NG_070788.1,-0.1233578586878028
1751,NG_063107.1,-0.12336601980872458
751,NG_062141.1,-0.12345887846319759
1942,NG_061300.1,-0.12348802577873713
1990,NG_062442.1,-0.12353649675678452
305,NG_061033.1,-0.12365285362602024
1042,NG_065157.1,-0.12377239714294913
1304,NG_063530.1,-0.1239483000011275
1369,NG_061040.1,-0.12403478742951052
1441,NG_063531.1,-0.12407889046767145
1655,NG_063104.1,-0.12412003595343235
1922,NG_061300.1,-0.1241362806388227
1457,NG_063532.1,-0.12418980717212197
365,NG_061032.1,-0.1242250004988808
536,NG_062140.1,-0.12424060757712069
1188,NG_062444.1,-0.1243037469239921
792,NG_062141.1,-0.12438562899779171
747,NG_061034.1,-0.1244040900798346
1045,NG_065157.1,-0.12445258244308754
1383,NG_061040.1,-0.12449397374578591
1268,NG_063529.1,-0.12455494069302936
824,NG_063101.1,-0.12456194330098996
563,NG_063521.1,-0.12456643293669706
1641,NG_063105.1,-0.1246404883251197
1033,NG_065157.1,-0.12465839306345461
710,NG_061034.1,-0.12469872718098901
800,NG_063101.1,-0.12470359661390451
861,NG_063102.1,-0.12478812340308565
844,NG_063101.1,-0.12494599632223974
385,NG_061032.1,-0.12502707267708152
1537,NG_061036.1,-0.12523023796154226
734,NG_061034.1,-0.12529471021312955
29,NG_065155.1,-0.12534615140299143
1546,NG_061036.1,-0.125507695841645
611,NG_063522.1,-0.12555715938154194
646,NG_063522.1,-0.12594576419338105
666,NG_063524.1,-0.1259681219569001
1915,NG_061300.1,-0.12604905352850698
1477,NG_063532.1,-0.12610636987876533
288,NG_065156.1,-0.1261679209446322
1526,NG_061036.1,-0.12624518350104158
1793,NG_063107.1,-0.1263456601704332
1855,NG_065159.1,-0.12636432276435766
209,NG_063111.1,-0.1264114273198887
1535,NG_061036.1,-0.12664844256556113
775,NG_062141.1,-0.12667110450268632
1523,NG_061036.1,-0.126861740680613
416,NG_061105.1,-0.12688688362406236
842,NG_063101.1,-0.126920044630478
1727,NG_063108.1,-0.12707633043262262
719,NG_061034.1,-0.1271217091364213
1964,NG_062442.1,-0.1271311487971976
981,NG_065154.1,-0.1271646317825842
1254,NG_063529.1,-0.12724299382350918
1224,NG_070788.1,-0.12725708742574782
1647,NG_063105.1,-0.12731669410980928
2038,NG_017185.1,-0.1273983341017254
799,NG_062141.1,-0.12741016126664667
139,NG_062683.1,-0.1274373412708718
1432,NG_063531.1,-0.12746757626252292
1885,NG_065159.1,-0.12748310443509453
918,NG_065802.1,-0.1275067081416193
65,NG_065153.1,-0.12760331346258397
551,NG_063521.1,-0.1276367629050259
415,NG_061105.1,-0.1276647198361926
2048,NG_017185.1,-0.12768609225642868
1270,NG_063529.1,-0.12770189763667344
1288,NG_063529.1,-0.12784035509288688
553,NG_063521.1,-0.12784135241757943
122,NG_062683.1,-0.12788447146081022
160,NG_063110.1,-0.12791484497691769
458,NG_062443.1,-0.12802202756054398
477,NG_062443.1,-0.12802533226749846
941,NG_065802.1,-0.12806434977647585
759,NG_062141.1,-0.12824731774111553
1596,NG_061037.1,-0.12832367166215664
1881,NG_065159.1,-0.12836488578073035
244,NG_063111.1,-0.12859826917729622
561,NG_063521.1,-0.12861656801208227
728,NG_061034.1,-0.12862068100487023
516,NG_062140.1,-0.12870901896038245
766,NG_062141.1,-0.12878153276923032
1096,NG_065803.1,-0.1288511175701192
841,NG_063101.1,-0.1288772745325511
1213,NG_070788.1,-0.12890499517213683
1347,NG_063530.1,-0.12901604141467532
22,NG_065155.1,-0.1291849467318401
1284,NG_063529.1,-0.12921991720042464
88,NG_065153.1,-0.12923326404563035
389,NG_061032.1,-0.1293118511937451
1629,NG_063105.1,-0.12942653953723954
1951,NG_062442.1,-0.12964747463151316
1725,NG_063108.1,-0.1296581366350743
25,NG_065155.1,-0.1297970505328908
1774,NG_063107.1,-0.12981926448940356
1853,NG_065159.1,-0.12984456685182222
146,NG_062683.1,-0.12986123600738536
394,NG_061032.1,-0.12989234829816365
723,NG_061034.1,-0.1298938181786975
1024,NG_065157.1,-0.12991005747959805
1489,NG_063532.1,-0.12991893971362795
2012,NG_017185.1,-0.12998977601406586
652,NG_063524.1,-0.1300081598009588
1527,NG_061036.1,-0.13003692562654584
440,NG_061105.1,-0.13009541317460582
1026,NG_065157.1,-0.13016174724172563
863,NG_063102.1,-0.13017359910342202
2022,NG_017185.1,-0.13018132401871402
1292,NG_063529.1,-0.13028386766124572
1434,NG_063531.1,-0.13032766478254643
1607,NG_063105.1,-0.13036326440423007
1047,NG_065157.1,-0.1303718087649866
310,NG_061033.1,-0.13049384187932428
1225,NG_070788.1,-0.13050071802563706
1738,NG_063108.1,-0.13051801507715322
859,NG_063102.1,-0.1306157070504888
110,NG_062683.1,-0.13063685953001242
984,NG_065154.1,-0.13064906584838548
2017,NG_017185.1,-0.13073550629365888
285,NG_065156.1,-0.13075413495592703
1968,NG_062442.1,-0.13076135070109346
1476,NG_063532.1,-0.13077926963559416
1499,NG_063532.1,-0.13086681798745675
1251,NG_063529.1,-0.13104640141289392
852,NG_063102.1,-0.13111343564787553
2027,NG_017185.1,-0.1311583500095061
960,NG_065154.1,-0.13125002204140335
1465,NG_063532.1,-0.13126749532861398
914,NG_065802.1,-0.13131093451277026
1597,NG_061037.1,-0.1313201252052671
791,NG_062141.1,-0.13139042020537306
1274,NG_063529.1,-0.13140419654586938
303,NG_061033.1,-0.13146089001840777
848,NG_063101.1,-0.1314860320240256
813,NG_063101.1,-0.13155761484236211
655,NG_063524.1,-0.13157029910231793
1740,NG_063108.1,-0.13170673388801268
87,NG_065153.1,-0.1317151818474755
1342,NG_063530.1,-0.13175411397748538
1330,NG_063530.1,-0.13182175572925342
304,NG_061033.1,-0.1318668064838573
531,NG_062140.1,-0.13187829725083738
1290,NG_063529.1,-0.13192224848086104
256,NG_065156.1,-0.1320346213719465
722,NG_061034.1,-0.13204883682937507
1256,NG_063529.1,-0.1321077465280281
1009,NG_065157.1,-0.13212293162146127
1986,NG_062442.1,-0.13213226144694085
1687,NG_063104.1,-0.13214171569441507
1868,NG_065159.1,-0.13214171569441507
511,NG_062140.1,-0.13215818831131187
1037,NG_065157.1,-0.13235110487344215
134,NG_062683.1,-0.13246691424070245
508,NG_062140.1,-0.13261375619096188
1752,NG_063107.1,-0.13261469173968743
545,NG_062140.1,-0.13266533787309842
677,NG_063524.1,-0.1326793531879934
530,NG_062140.1,-0.13269158528199676
1418,NG_063531.1,-0.13271546206460078
691,NG_063524.1,-0.1327609445057245
609,NG_063522.1,-0.1327976324453018
1084,NG_065803.1,-0.1328379182660776
1111,NG_065158.1,-0.13284602766398196
683,NG_063524.1,-0.1329147044400651
1507,NG_061036.1,-0.13295860565570172
1407,NG_063531.1,-0.13306961165897468
571,NG_063521.1,-0.13308275560858007
1662,NG_063104.1,-0.13308826708670063
2045,NG_017185.1,-0.13319135829436612
825,NG_063101.1,-0.13322519482567674
1433,NG_063531.1,-0.13325254164013217
150,NG_063110.1,-0.13327468444002022
1011,NG_065157.1,-0.13329456964970687
625,NG_063522.1,-0.13335706210648202
1022,NG_065157.1,-0.13339738068801432
356,NG_061032.1,-0.13342571618191978
72,NG_065153.1,-0.133442982072772
75,NG_065153.1,-0.13351244631698617
1049,NG_065157.1,-0.13357413311471938
1987,NG_062442.1,-0.13365446331668102
48,NG_065155.1,-0.13367292955808885
161,NG_063110.1,-0.1337575815720693
955,NG_065154.1,-0.13383269727463876
589,NG_063521.1,-0.134070783334043
1409,NG_063531.1,-0.13410997344555398
1502,NG_061036.1,-0.13430900085016395
573,NG_063521.1,-0.13451460444209573
559,NG_063521.1,-0.13452869681132118
1595,NG_061037.1,-0.13459860470034873
939,NG_065802.1,-0.13468394056614819
1473,NG_063532.1,-0.13484382823019914
596,NG_063521.1,-0.13484382823019914
1956,NG_062442.1,-0.13490808882683264
1447,NG_063531.1,-0.13494878195462212
898,NG_063102.1,-0.13504412570529156
1036,NG_065157.1,-0.13520155247187954
1027,NG_065157.1,-0.13520155247187954
187,NG_063110.1,-0.13529885518720408
185,NG_063110.1,-0.13529885518720408
693,NG_063524.1,-0.13544139538431715
320,NG_061033.1,-0.13551698857858818
904,NG_065802.1,-0.13556664738652807
1167,NG_062444.1,-0.13559448477233466
346,NG_061033.1,-0.13561126420444025
906,NG_065802.1,-0.1356381791630229
544,NG_062140.1,-0.1356545053962112
729,NG_061034.1,-0.13574957550878097
126,NG_062683.1,-0.13585200160162725
1977,NG_062442.1,-0.13586128982295925
1443,NG_063531.1,-0.13608362795225526
555,NG_063521.1,-0.1360859945747312
412,NG_061105.1,-0.13612198618926186
341,NG_061033.1,-0.1361361168221204
1046,NG_065157.1,-0.136159542833587
543,NG_062140.1,-0.13621495544382495
1568,NG_061037.1,-0.13623573709963616
107,NG_062683.1,-0.1362424402846637
1487,NG_063532.1,-0.13626886332079707
889,NG_063102.1,-0.13641792628204757
855,NG_063102.1,-0.13641792628204757
409,NG_061105.1,-0.13643421685112583
1496,NG_063532.1,-0.13653063803862409
1200,NG_070788.1,-0.13658782961664534
927,NG_065802.1,-0.13660470278700787
680,NG_063524.1,-0.13662199911085715
1788,NG_063107.1,-0.13667034868850642
678,NG_063524.1,-0.13673141507999836
866,NG_063102.1,-0.13673879210358514
614,NG_063522.1,-0.13678556664566038
739,NG_061034.1,-0.13680470146363743
867,NG_063102.1,-0.13683794383663778
1028,NG_065157.1,-0.1368912078407986
733,NG_061034.1,-0.1368927523809239
758,NG_062141.1,-0.1369333734575749
1623,NG_063105.1,-0.13713672682765748
1020,NG_065157.1,-0.1371697167617209
2004,NG_017185.1,-0.13720797258617023
194,NG_063110.1,-0.13720909067672515
735,NG_061034.1,-0.13723574830091145
692,NG_063524.1,-0.13736099878681357
1812,NG_070799.1,-0.13739233066262346
966,NG_065154.1,-0.13739466574737202
1563,NG_061037.1,-0.13746967462881166
888,NG_063102.1,-0.1376794270889869
580,NG_063521.1,-0.13773495129351032
586,NG_063521.1,-0.1377710356585074
121,NG_062683.1,-0.13777142617714522
931,NG_065802.1,-0.1378886349811489
390,NG_061032.1,-0.13799766471761815
1989,NG_062442.1,-0.13805549114148996
1025,NG_065157.1,-0.13808055673598563
306,NG_061033.1,-0.13809110671944236
1303,NG_063530.1,-0.13817660883565824
1291,NG_063529.1,-0.1383266003971504
567,NG_063521.1,-0.13835627481107288
381,NG_061032.1,-0.13837792625108747
635,NG_063522.1,-0.13851229181405766
302,NG_061033.1,-0.1385645211428701
353,NG_061032.1,-0.13857344363941365
386,NG_061032.1,-0.13857739182395223
870,NG_063102.1,-0.1386085147121089
1514,NG_061036.1,-0.1387893618081913
923,NG_065802.1,-0.1387931663901159
77,NG_065153.1,-0.13881414231746386
1995,NG_062442.1,-0.1388383694203415
482,NG_062443.1,-0.13889911296039265
760,NG_062141.1,-0.13904962366929013
55,NG_065153.1,-0.13906744124796694
907,NG_065802.1,-0.1390825784261409
936,NG_065802.1,-0.13911014119851367
1480,NG_063532.1,-0.13911982018505897
1175,NG_062444.1,-0.13934316705196326
832,NG_063101.1,-0.13946152718969818
1961,NG_062442.1,-0.1395560590154329
281,NG_065156.1,-0.13957066377891814
1424,NG_063531.1,-0.13963271507850777
157,NG_063110.1,-0.13966424292760227
222,NG_063111.1,-0.13968472332944304
370,NG_061032.1,-0.1397074404064484
1287,NG_063529.1,-0.13977524617367043
1198,NG_062444.1,-0.13987629631737025
1006,NG_065157.1,-0.13993345079581826
1357,NG_061040.1,-0.1399461769698676
148,NG_062683.1,-0.14000589776651257
1283,NG_063529.1,-0.14003076435492895
1436,NG_063531.1,-0.14007391789239015
1412,NG_063531.1,-0.14024183018768915
686,NG_063524.1,-0.1402672007068188
1194,NG_062444.1,-0.1402679000453504
358,NG_061032.1,-0.14026817776165107
375,NG_061032.1,-0.14026817776165107
80,NG_065153.1,-0.14042452884036916
229,NG_063111.1,-0.1404579357113832
267,NG_065156.1,-0.1405124404276758
1115,NG_065158.1,-0.14058361008939074
624,NG_063522.1,-0.14059247342355585
781,NG_062141.1,-0.14066020200890267
299,NG_065156.1,-0.140866938087638
1542,NG_061036.1,-0.14086994408623799
1085,NG_065803.1,-0.14089457146738132
977,NG_065154.1,-0.14094378255132456
367,NG_061032.1,-0.14099851033388439
1575,NG_061037.1,-0.14110892303734346
1243,NG_070788.1,-0.141137497174451
314,NG_061033.1,-0.14120341645132722
234,NG_063111.1,-0.14135941873584795
1784,NG_063107.1,-0.14141289986386657
188,NG_063110.1,-0.14143663821180186
1328,NG_063530.1,-0.14152587937713174
910,NG_065802.1,-0.1415574322769742
1773,NG_063107.1,-0.14156211911279304
877,NG_063102.1,-0.14156453477977599
1162,NG_062444.1,-0.14169297635088451
579,NG_063521.1,-0.14171945685149123
537,NG_062140.1,-0.14183872541424808
1355,NG_061040.1,-0.14188394249823355
576,NG_063521.1,-0.14193920584217867
556,NG_063521.1,-0.14199652887176173
1236,NG_070788.1,-0.14203545468628792
383,NG_061032.1,-0.14206270248559066
595,NG_063521.1,-0.1420919932032717
2026,NG_017185.1,-0.1421051112046704
8,NG_065155.1,-0.14239247166551156
502,NG_062140.1,-0.14240110371753362
287,NG_065156.1,-0.14245697818626119
1023,NG_065157.1,-0.14245759415966103
363,NG_061032.1,-0.14251033980858685
91,NG_065153.1,-0.14259084522734755
1562,NG_061037.1,-0.14272713187122904
2000,NG_017185.1,-0.14279171246929467
717,NG_061034.1,-0.14287481660777102
343,NG_061033.1,-0.14289000531757
1435,NG_063531.1,-0.14293810524388634
2003,NG_017185.1,-0.14296832689289912
1353,NG_061040.1,-0.14298191064538834
513,NG_062140.1,-0.14317722104717606
540,NG_062140.1,-0.1431987106302121
1031,NG_065157.1,-0.14326399647333982
97,NG_065153.1,-0.1432741220164408
583,NG_063521.1,-0.14330036012889125
1609,NG_063105.1,-0.14335027666715439
525,NG_062140.1,-0.14339465090005143
509,NG_062140.1,-0.14339465090005143
932,NG_065802.1,-0.14383449860463388
1392,NG_061040.1,-0.14385975549335173
1372,NG_061040.1,-0.14401337151474747
892,NG_063102.1,-0.14425521496514443
554,NG_063521.1,-0.1442772155378978
673,NG_063524.1,-0.14443577636687077
987,NG_065154.1,-0.1445623268224765
645,NG_063522.1,-0.14459329192139098
1002,NG_065157.1,-0.14460455548854506
1492,NG_063532.1,-0.1446281779630249
963,NG_065154.1,-0.14462862714647545
1203,NG_070788.1,-0.14467755764010098
1790,NG_063107.1,-0.14469042509087604
470,NG_062443.1,-0.1446914267179777
2047,NG_017185.1,-0.1447138787186556
1482,NG_063532.1,-0.14472128978520837
679,NG_063524.1,-0.14483392866737266
675,NG_063524.1,-0.14483392866737266
1038,NG_065157.1,-0.1448805648299169
392,NG_061032.1,-0.1449065479085061
1180,NG_062444.1,-0.14492779978305975
1168,NG_062444.1,-0.14500055570134984
1453,NG_063532.1,-0.14504380878203044
1586,NG_061037.1,-0.1451488862875464
541,NG_062140.1,-0.14516828468945736
1512,NG_061036.1,-0.14517557875114478
439,NG_061105.1,-0.14517913965466872
1590,NG_061037.1,-0.14526351279096816
1557,NG_061037.1,-0.1452756777856299
2031,NG_017185.1,-0.14533848374767555
700,NG_061034.1,-0.1454640714773076
1581,NG_061037.1,-0.14549649576898815
724,NG_061034.1,-0.14557083205290627
1205,NG_070788.1,-0.1455979495168666
334,NG_061033.1,-0.14562292940831068
1423,NG_063531.1,-0.14562418868190136
275,NG_065156.1,-0.14579514052036674
490,NG_062443.1,-0.1458057234496995
1086,NG_065803.1,-0.1458057234496995
13,NG_065155.1,-0.14590697656632157
787,NG_062141.1,-0.14631700216735505
109,NG_062683.1,-0.14633284509576533
913,NG_065802.1,-0.14639209380911716
1552,NG_061037.1,-0.14642218444104577
1419,NG_063531.1,-0.1464438633055768
1559,NG_061037.1,-0.14645948427025451
779,NG_062141.1,-0.14647183622092846
326,NG_061033.1,-0.1465883744744776
656,NG_063524.1,-0.14664136897780156
769,NG_062141.1,-0.14672468910861225
1444,NG_063531.1,-0.14680358774827879
1583,NG_061037.1,-0.14681966292769844
129,NG_062683.1,-0.1468324465947936
257,NG_065156.1,-0.14684294214571353
591,NG_063521.1,-0.14688303467160585
438,NG_061105.1,-0.14699248619033545
1384,NG_061040.1,-0.14709274570159414
943,NG_065802.1,-0.14710268101217505
1343,NG_063530.1,-0.1471244908734054
2033,NG_017185.1,-0.14715150704230878
1361,NG_061040.1,-0.147165888502152
810,NG_063101.1,-0.14719651053781357
391,NG_061032.1,-0.14721448443896623
774,NG_062141.1,-0.14724224580227152
2043,NG_017185.1,-0.14731884483868807
351,NG_061032.1,-0.14735131701441812
2034,NG_017185.1,-0.1475293789009292
669,NG_063524.1,-0.147554984637352
638,NG_063522.1,-0.14756881183821552
1541,NG_061036.1,-0.14757538656741104
1854,NG_065159.1,-0.14767493234563345
1910,NG_061300.1,-0.14773960307827766
382,NG_061032.1,-0.1477958570980869
192,NG_063110.1,-0.14785962054936452
1135,NG_065158.1,-0.14798664459676686
1555,NG_061037.1,-0.14801487485333414
1505,NG_061036.1,-0.14807015106835014
1504,NG_061036.1,-0.1481518954140199
725,NG_061034.1,-0.1481723498201029
610,NG_063522.1,-0.1483486681084059
1296,NG_063529.1,-0.14842948912140536
1567,NG_061037.1,-0.14855656349922153
2007,NG_017185.1,-0.14867618294096852
211,NG_063111.1,-0.14870721396860892
270,NG_065156.1,-0.1488660364468012
1396,NG_061040.1,-0.14891064893165556
709,NG_061034.1,-0.14892790401211403
991,NG_065154.1,-0.14933178529751423
1030,NG_065157.1,-0.14941881392251705
636,NG_063522.1,-0.14946935122364557
1756,NG_063107.1,-0.149519327735482
328,NG_061033.1,-0.14952971667353254
1588,NG_061037.1,-0.14960315455549572
696,NG_063524.1,-0.14969323995827988
133,NG_062683.1,-0.14987476436062702
149,NG_062683.1,-0.14987476436062702
1321,NG_063530.1,-0.14998748983545734
355,NG_061032.1,-0.15001714953107298
670,NG_063524.1,-0.15010330960443852
928,NG_065802.1,-0.1501282350870155
1075,NG_065803.1,-0.15014964594232622
1947,NG_061300.1,-0.15014964594232622
1548,NG_061036.1,-0.15030273572939978
252,NG_065156.1,-0.1503078687087746
924,NG_065802.1,-0.1504031106623509
598,NG_063521.1,-0.15053334849257366
1413,NG_063531.1,-0.1505899382135088
1866,NG_065159.1,-0.15069880038733735
763,NG_062141.1,-0.1507332881591929
1156,NG_062444.1,-0.1508111655231193
1671,NG_063104.1,-0.15087760195421185
1408,NG_063531.1,-0.1509537449898778
90,NG_065153.1,-0.150966947079061
1454,NG_063532.1,-0.15098976972399286
1912,NG_061300.1,-0.1510045844315831
744,NG_061034.1,-0.15107171057052643
473,NG_062443.1,-0.1511779386555296
1422,NG_063531.1,-0.1511784819706642
771,NG_062141.1,-0.15124944156175824
726,NG_061034.1,-0.15130872451804767
153,NG_063110.1,-0.15144126849353234
195,NG_063110.1,-0.15144126849353234
1660,NG_063104.1,-0.15154784547474398
786,NG_062141.1,-0.15155840061723913
1663,NG_063104.1,-0.1516159805204904
1338,NG_063530.1,-0.15180546366817083
854,NG_063102.1,-0.15184766906355374
298,NG_065156.1,-0.15193397198751762
331,NG_061033.1,-0.15205163773826247
2011,NG_017185.1,-0.15217281899559265
770,NG_062141.1,-0.15217653446779533
1520,NG_061036.1,-0.15220770762452868
3,NG_065155.1,-0.15232309618771273
620,NG_063522.1,-0.15233306911581335
1169,NG_062444.1,-0.1524844917329466
789,NG_062141.1,-0.15250424534492185
651,NG_063524.1,-0.1525877616373988
183,NG_063110.1,-0.15285352994868068
360,NG_061032.1,-0.15291856490531203
1813,NG_070799.1,-0.15292717959573876
1466,NG_063532.1,-0.15298249784396722
1182,NG_062444.1,-0.15301875803443604
186,NG_063110.1,-0.15302371838593942
1715,NG_063108.1,-0.15304132270663628
750,NG_062141.1,-0.15310911489080736
423,NG_061105.1,-0.15311586752148787
1921,NG_061300.1,-0.15317049350091216
1019,NG_065157.1,-0.15317753260565642
965,NG_065154.1,-0.15325435722068914
1692,NG_063104.1,-0.1533444309341106
1223,NG_070788.1,-0.15347580745063732
594,NG_063521.1,-0.15353551828103068
1917,NG_061300.1,-0.15358005432822075
504,NG_062140.1,-0.15359043743007428
1739,NG_063108.1,-0.15369207674517704
597,NG_063521.1,-0.1538165121650224
1475,NG_063532.1,-0.15388761466941858
600,NG_063522.1,-0.15400501509812203
1053,NG_065803.1,-0.15416126128116642
1242,NG_070788.1,-0.1541800266452099
1718,NG_063108.1,-0.1542068562681006
418,NG_061105.1,-0.1542109121207469
1745,NG_063108.1,-0.15422268407480938
1239,NG_070788.1,-0.15431480725917096
1889,NG_065159.1,-0.15433123625760126
262,NG_065156.1,-0.15442719289171553
1197,NG_062444.1,-0.1544535891722288
1013,NG_065157.1,-0.1544806525839545
1732,NG_063108.1,-0.15465780474101137
930,NG_065802.1,-0.15473492751916507
1619,NG_063105.1,-0.15474958268353362
1324,NG_063530.1,-0.15481786204198195
1664,NG_063104.1,-0.15484113176742786
1579,NG_061037.1,-0.15519366284245062
236,NG_063111.1,-0.15520223614753265
756,NG_062141.1,-0.15531757494368842
564,NG_063521.1,-0.1553229828124275
1771,NG_063107.1,-0.15548743785188968
1960,NG_062442.1,-0.15565789181422213
1245,NG_070788.1,-0.15570721421423644
1104,NG_065158.1,-0.15579252307402575
797,NG_062141.1,-0.15582223698226771
1531,NG_061036.1,-0.1558748086622076
905,NG_065802.1,-0.15595189648341812
1263,NG_063529.1,-0.15610655312971788
1973,NG_062442.1,-0.1561520418253422
533,NG_062140.1,-0.15626602822949232
921,NG_065802.1,-0.15680323727959466
506,NG_062140.1,-0.1568233489490422
1344,NG_063530.1,-0.15691163166250183
749,NG_061034.1,-0.15700800184836033
795,NG_062141.1,-0.15707497777402163
743,NG_061034.1,-0.1571948905334179
1544,NG_061036.1,-0.15721335509525014
1569,NG_061037.1,-0.15723584288640813
265,NG_065156.1,-0.157240911248674
912,NG_065802.1,-0.15733998714181813
1427,NG_063531.1,-0.15734895425724194
1220,NG_070788.1,-0.15744203832801484
784,NG_062141.1,-0.15745820984920766
572,NG_063521.1,-0.15756417305248727
1317,NG_063530.1,-0.15761048344423728
568,NG_063521.1,-0.15766891638504937
518,NG_062140.1,-0.15768709151458
1603,NG_063105.1,-0.15770175519503127
141,NG_062683.1,-0.1578012335593808
1032,NG_065157.1,-0.15796466026847167
1816,NG_070799.1,-0.15799896594954604
373,NG_061032.1,-0.15802541059984687
1261,NG_063529.1,-0.15804694686612458
1259,NG_063529.1,-0.15812657578971234
1524,NG_061036.1,-0.15819217414885234
1808,NG_070799.1,-0.15823150602608715
103,NG_062683.1,-0.1582871716284327
1554,NG_061037.1,-0.15838219617449528
1014,NG_065157.1,-0.15850347790776137
1469,NG_063532.1,-0.15855071081672267
1592,NG_061037.1,-0.1585964984391543
1979,NG_062442.1,-0.15863826305804435
599,NG_063521.1,-0.15864989884343866
938,NG_065802.1,-0.1587485909994072
1134,NG_065158.1,-0.15879869403440633
411,NG_061105.1,-0.15879878954508153
1289,NG_063529.1,-0.1588116697391065
260,NG_065156.1,-0.15893878980805992
10,NG_065155.1,-0.15893893609386195
2042,NG_017185.1,-0.15894816540140988
1587,NG_061037.1,-0.15896608250139854
1228,NG_070788.1,-0.15902850021452686
454,NG_062443.1,-0.15917051222384443
1238,NG_070788.1,-0.15917926199369553
317,NG_061033.1,-0.1593296237167458
1103,NG_065158.1,-0.1593935093336457
1934,NG_061300.1,-0.1593935093336457
1132,NG_065158.1,-0.1594134511747866
626,NG_063522.1,-0.15942035355612627
510,NG_062140.1,-0.15942428535131925
772,NG_062141.1,-0.15942995750900885
552,NG_063521.1,-0.15943651992565655
1834,NG_070799.1,-0.15945754014554775
1221,NG_070788.1,-0.15947362520354103
1971,NG_062442.1,-0.1596750099018837
746,NG_061034.1,-0.1596772977190426
1402,NG_063531.1,-0.15985090136397428
291,NG_065156.1,-0.15991915121621775
1397,NG_061040.1,-0.1599666858517913
428,NG_061105.1,-0.15999885563850413
1440,NG_063531.1,-0.16017573397723484
1446,NG_063531.1,-0.16017573397723484
1693,NG_063104.1,-0.16036524622013065
357,NG_061032.1,-0.16042544584859703
1497,NG_063532.1,-0.1605387396865754
1217,NG_070788.1,-0.16057305301922697
546,NG_062140.1,-0.1605860817317275
1972,NG_062442.1,-0.1607504514680203
1521,NG_061036.1,-0.1609842797440897
179,NG_063110.1,-0.16104072801849556
891,NG_063102.1,-0.16106083422701845
39,NG_065155.1,-0.1611966862095644
1411,NG_063531.1,-0.1612270046274049
1445,NG_063531.1,-0.16143545736390003
2040,NG_017185.1,-0.16147247822471694
1729,NG_063108.1,-0.16159923644452173
687,NG_063524.1,-0.16169732700793815
1048,NG_065157.1,-0.16180566718445893
2035,NG_017185.1,-0.16183511074457185
946,NG_065802.1,-0.1618664775515321
706,NG_061034.1,-0.16201545067974088
2030,NG_017185.1,-0.1621020039008927
282,NG_065156.1,-0.16214993716649279
1940,NG_061300.1,-0.16229207682725322
1767,NG_063107.1,-0.16229207682725322
491,NG_062443.1,-0.16230514531678608
2019,NG_017185.1,-0.16231394144282857
1211,NG_070788.1,-0.1623160844741584
720,NG_061034.1,-0.16232523462288534
1561,NG_061037.1,-0.162399213898747
1890,NG_065159.1,-0.16245331065995194
608,NG_063522.1,-0.16256169585321661
294,NG_065156.1,-0.16257710254015656
880,NG_063102.1,-0.16261554505291942
619,NG_063522.1,-0.16265606462052562
1829,NG_070799.1,-0.1626716711209788
1448,NG_063531.1,-0.16283298358070447
284,NG_065156.1,-0.16287069527632142
1379,NG_061040.1,-0.16294654085106908
629,NG_063522.1,-0.1630060471311396
1578,NG_061037.1,-0.16301815074353004
997,NG_065154.1,-0.1630187546770403
337,NG_061033.1,-0.16302691266185448
1560,NG_061037.1,-0.16304603502078285
1704,NG_063108.1,-0.16307283091417724
1861,NG_065159.1,-0.1631814250617059
1034,NG_065157.1,-0.16318772622320776
815,NG_063101.1,-0.16322541999383455
1798,NG_063107.1,-0.16323373567262545
681,NG_063524.1,-0.1632677312404865
1665,NG_063104.1,-0.16330365863686297
1449,NG_063531.1,-0.16330855644242082
1690,NG_063104.1,-0.16339703101150854
1229,NG_070788.1,-0.16340648752132458
899,NG_063102.1,-0.1634637206000638
1237,NG_070788.1,-0.16349085178385742
547,NG_062140.1,-0.16351458689614767
1686,NG_063104.1,-0.16382966122602005
1768,NG_063107.1,-0.1638361005751522
128,NG_062683.1,-0.16386364234026202
239,NG_063111.1,-0.16392858185723597
989,NG_065154.1,-0.1639448220262394
1946,NG_061300.1,-0.16400775202033324
1471,NG_063532.1,-0.1640133982630923
807,NG_063101.1,-0.1640939923399164
333,NG_061033.1,-0.16446693771999055
329,NG_061033.1,-0.16451738191196247
1192,NG_062444.1,-0.16454868461934408
603,NG_063522.1,-0.1646916457720055
364,NG_061032.1,-0.1647388020964941
522,NG_062140.1,-0.16474152395764424
1008,NG_065157.1,-0.16485219620693758
727,NG_061034.1,-0.16490468181385676
1253,NG_063529.1,-0.16490546306802017
1464,NG_063532.1,-0.16490546306802017
1515,NG_061036.1,-0.16504559565924842
634,NG_063522.1,-0.1650680837120782
1683,NG_063104.1,-0.16508635712801267
2036,NG_017185.1,-0.16513969384950444
354,NG_061032.1,-0.16514168780178173
1404,NG_063531.1,-0.16520404524220822
1262,NG_063529.1,-0.16520538569242782
2025,NG_017185.1,-0.16539739787430935
7,NG_065155.1,-0.1655871259454758
1969,NG_062442.1,-0.16570358781699485
1573,NG_061037.1,-0.16581810616966153
829,NG_063101.1,-0.1658706692169699
1350,NG_061040.1,-0.1660103030939309
1577,NG_061037.1,-0.1664684214225144
560,NG_063521.1,-0.16658943868226578
70,NG_065153.1,-0.16660774926271665
934,NG_065802.1,-0.16668026955969073
335,NG_061033.1,-0.16670558011264985
632,NG_063522.1,-0.16672053546599425
1736,NG_063108.1,-0.16672095689695887
1748,NG_063108.1,-0.16680307036957437
1248,NG_070788.1,-0.1668525524842685
1645,NG_063105.1,-0.16692534590191999
1503,NG_061036.1,-0.16705962471829833
814,NG_063101.1,-0.16706494416363765
433,NG_061105.1,-0.16716995423036346
660,NG_063524.1,-0.16718253634996738
350,NG_061032.1,-0.1672231394885002
761,NG_062141.1,-0.16731390178339772
36,NG_065155.1,-0.16736896251837002
1044,NG_065157.1,-0.16737385725500048
1553,NG_061037.1,-0.16740643332115035
1257,NG_063529.1,-0.16767107145994142
177,NG_063110.1,-0.16772764266422213
1652,NG_063104.1,-0.16773062980996045
856,NG_063102.1,-0.16794286683198612
1795,NG_063107.1,-0.1679788658822411
377,NG_061032.1,-0.16798494776741874
1804,NG_070799.1,-0.1680042613611309
1821,NG_070799.1,-0.1680042613611309
871,NG_063102.1,-0.1680390992379276
258,NG_065156.1,-0.16809513465675208
273,NG_065156.1,-0.16811537117111364
120,NG_062683.1,-0.1681700290343553
1202,NG_070788.1,-0.16822155379858084
1832,NG_070799.1,-0.16824051253568406
1234,NG_070788.1,-0.168340679590339
1932,NG_061300.1,-0.16840873120165734
1360,NG_061040.1,-0.16841883931641383
538,NG_062140.1,-0.16848568839549122
1354,NG_061040.1,-0.16850436102037902
1508,NG_061036.1,-0.16851307211312677
1308,NG_063530.1,-0.1685235507465671
602,NG_063522.1,-0.1685752686713517
316,NG_061033.1,-0.1685916784291372
1299,NG_063529.1,-0.16859176501640682
1230,NG_070788.1,-0.16875118881807677
417,NG_061105.1,-0.16879632250125476
1460,NG_063532.1,-0.1688641213026228
345,NG_061033.1,-0.16890348538551153
745,NG_061034.1,-0.16913066790009867
444,NG_061105.1,-0.16917636754259086
1782,NG_063107.1,-0.1691764431450546
881,NG_063102.1,-0.16918075829011042
311,NG_061033.1,-0.1692584025128197
811,NG_063101.1,-0.16933880725997863
937,NG_065802.1,-0.16937790005547737
1097,NG_065803.1,-0.16948532710455882
819,NG_063101.1,-0.16955846014090675
731,NG_061034.1,-0.16964702306548862
461,NG_062443.1,-0.16968197858972728
1438,NG_063531.1,-0.16975106674754858
1981,NG_062442.1,-0.16987639186517223
1428,NG_063531.1,-0.17002043093560554
1875,NG_065159.1,-0.17009245193897732
1721,NG_063108.1,-0.17009245193897732
395,NG_061032.1,-0.17024266092022294
169,NG_063110.1,-0.17026612323618168
1133,NG_065158.1,-0.1703033360398465
1801,NG_070799.1,-0.17031121524879733
1437,NG_063531.1,-0.17031608513884067
667,NG_063524.1,-0.1704228943946578
478,NG_062443.1,-0.17045122052820355
1376,NG_061040.1,-0.1704606525659163
1716,NG_063108.1,-0.17046483494032466
1067,NG_065803.1,-0.17046483494032466
1589,NG_061037.1,-0.17053265379103838
1844,NG_070799.1,-0.17066667180743644
875,NG_063102.1,-0.1707317886521651
130,NG_062683.1,-0.17078557925917048
1992,NG_062442.1,-0.17079315295848674
1819,NG_070799.1,-0.170930554713213
349,NG_061033.1,-0.17094810118654696
901,NG_065802.1,-0.1710425449739485
623,NG_063522.1,-0.17105606468882906
593,NG_063521.1,-0.17106577406271772
949,NG_065802.1,-0.17109769905386069
1316,NG_063530.1,-0.17110688691660653
78,NG_065153.1,-0.17112650622757974
1564,NG_061037.1,-0.1713018781316153
1528,NG_061036.1,-0.1715521844055759
1837,NG_070799.1,-0.17166253440757423
140,NG_062683.1,-0.17168180484725276
255,NG_065156.1,-0.17184972121870967
1000,NG_065157.1,-0.1718762994633185
1319,NG_063530.1,-0.1718848285587059
1112,NG_065158.1,-0.17195970273049255
1799,NG_063107.1,-0.17199590336227533
201,NG_063111.1,-0.1720002098045254
277,NG_065156.1,-0.17205405520506528
865,NG_063102.1,-0.17216746149060908
41,NG_065155.1,-0.17217096672275606
992,NG_065154.1,-0.17217134078296736
1121,NG_065158.1,-0.17218230766788606
1148,NG_065158.1,-0.17218230766788606
1174,NG_062444.1,-0.17220585321796816
883,NG_063102.1,-0.1722128984171526
1218,NG_070788.1,-0.17226930380729594
2013,NG_017185.1,-0.17238271182584997
1797,NG_063107.1,-0.172482570394013
231,NG_063111.1,-0.17256067845013395
1636,NG_063105.1,-0.17260476728097524
1231,NG_070788.1,-0.1726708899060697
1918,NG_061300.1,-0.17272931940785685
1759,NG_063107.1,-0.17277789543549443
1532,NG_061036.1,-0.1729217831454392
1210,NG_070788.1,-0.17299167168050583
1077,NG_065803.1,-0.1730107273749053
393,NG_061032.1,-0.17302559407580886
1155,NG_062444.1,-0.17307583287938239
862,NG_063102.1,-0.1731568299861888
174,NG_063110.1,-0.1733255788119457
1385,NG_061040.1,-0.17342879665251287
2039,NG_017185.1,-0.1734468781611747
1452,NG_063532.1,-0.17361447706221644
1373,NG_061040.1,-0.1736327720509821
853,NG_063102.1,-0.17369957897213611
1266,NG_063529.1,-0.17376526053539965
1417,NG_063531.1,-0.173801303404856
920,NG_065802.1,-0.1738584936155388
612,NG_063522.1,-0.1739432336065737
1054,NG_065803.1,-0.1742289053487543
697,NG_063524.1,-0.17441601119891553
1431,NG_063531.1,-0.1744265507000109
56,NG_065153.1,-0.1744356455289598
1622,NG_063105.1,-0.17448725927696324
1898,NG_065159.1,-0.1744916748923352
466,NG_062443.1,-0.17452279335340393
1522,NG_061036.1,-0.17453732232332914
783,NG_062141.1,-0.174541037909402
707,NG_061034.1,-0.17465312605027855
1015,NG_065157.1,-0.1746727847843087
562,NG_063521.1,-0.17469016225561557
2049,NG_017185.1,-0.17470698206963703
1377,NG_061040.1,-0.17475926674107128
748,NG_061034.1,-0.1749190969221009
1269,NG_063529.1,-0.17496244089362656
1490,NG_063532.1,-0.17496244089362656
1439,NG_063531.1,-0.17497600761902338
1016,NG_065157.1,-0.17505141431708843
167,NG_063110.1,-0.17505662368261132
1442,NG_063531.1,-0.17506131203521325
1651,NG_063104.1,-0.17510469670533907
935,NG_065802.1,-0.17515703224665025
1877,NG_065159.1,-0.17526973650479455
818,NG_063101.1,-0.17531916601628195
251,NG_065156.1,-0.1753437738414385
261,NG_065156.1,-0.1754624399426707
1486,NG_063532.1,-0.1755583114140331
794,NG_062141.1,-0.1755647669471611
1005,NG_065157.1,-0.17558485052091033
104,NG_062683.1,-0.17559397087910034
917,NG_065802.1,-0.17559465143747893
430,NG_061105.1,-0.17560793778666195
40,NG_065155.1,-0.17566240565574098
716,NG_061034.1,-0.17576802648202183
325,NG_061033.1,-0.17579004983030333
1634,NG_063105.1,-0.17585597754890286
2015,NG_017185.1,-0.17586766304813534
549,NG_062140.1,-0.17594143743251262
420,NG_061105.1,-0.17595229568247656
2020,NG_017185.1,-0.1759630028338952
804,NG_063101.1,-0.1760913735805511
956,NG_065154.1,-0.17612264571878916
1500,NG_061036.1,-0.17618779515946564
1525,NG_061036.1,-0.17625302338019916
1488,NG_063532.1,-0.1762547780695759
2014,NG_017185.1,-0.17626211902101063
359,NG_061032.1,-0.176295391737606
83,NG_065153.1,-0.17630591228655335
668,NG_063524.1,-0.17631577875484888
460,NG_062443.1,-0.17631656553509184
1709,NG_063108.1,-0.17631656553509184
1087,NG_065803.1,-0.1763342695642744
158,NG_063110.1,-0.17634251839165987
81,NG_065153.1,-0.17634805804455717
1495,NG_063532.1,-0.17635466926991328
338,NG_061033.1,-0.1764029146442262
1386,NG_061040.1,-0.176441530811974
998,NG_065154.1,-0.17655346012381418
34,NG_065155.1,-0.1765777677826944
617,NG_063522.1,-0.1767204986345815
1426,NG_063531.1,-0.17679459990446222
1461,NG_063532.1,-0.17684807654058682
424,NG_061105.1,-0.1768821013440357
1925,NG_061300.1,-0.17695348664266708
388,NG_061032.1,-0.17696495025492054
1056,NG_065803.1,-0.17700564490890208
605,NG_063522.1,-0.17705456636060546
776,NG_062141.1,-0.17707832198636425
136,NG_062683.1,-0.17718389822748443
742,NG_061034.1,-0.17718511009386484
1110,NG_065158.1,-0.1773010972252118
925,NG_065802.1,-0.17743000607920878
1598,NG_061037.1,-0.1775005966458143
1483,NG_063532.1,-0.1775283082976814
1639,NG_063105.1,-0.1775394666414894
113,NG_062683.1,-0.17753947720576557
380,NG_061032.1,-0.17757901411190918
11,NG_065155.1,-0.17758008241561496
1991,NG_062442.1,-0.17758645554411606
851,NG_063102.1,-0.17759515225191547
701,NG_061034.1,-0.1775981605663141
1892,NG_065159.1,-0.17774103887889042
1206,NG_070788.1,-0.17779017620444004
1777,NG_063107.1,-0.17779913108370654
1823,NG_070799.1,-0.17780950324753708
1743,NG_063108.1,-0.17781372668374512
307,NG_061033.1,-0.17781679148059887
208,NG_063111.1,-0.17792007285615363
1120,NG_065158.1,-0.17793554943893913
1879,NG_065159.1,-0.1779606831851367
1462,NG_063532.1,-0.17796959568640414
526,NG_062140.1,-0.17814117324227086
796,NG_062141.1,-0.17822452121752091
1332,NG_063530.1,-0.17823550434190222
1708,NG_063108.1,-0.1783263630863885
1494,NG_063532.1,-0.17839016153523196
1267,NG_063529.1,-0.17839758590534838
741,NG_061034.1,-0.17845380999505966
378,NG_061032.1,-0.17845964510772272
732,NG_061034.1,-0.17848536290623007
754,NG_062141.1,-0.17850402287210743
1208,NG_070788.1,-0.17862383165886064
309,NG_061033.1,-0.17863044923788113
1600,NG_063105.1,-0.17864694237222245
895,NG_063102.1,-0.1786471068809139
604,NG_063522.1,-0.1786759947742556
1264,NG_063529.1,-0.17878973519818742
1593,NG_061037.1,-0.17882264280590876
324,NG_061033.1,-0.17892525860417258
873,NG_063102.1,-0.17899850742102175
76,NG_065153.1,-0.17902814547954166
74,NG_065153.1,-0.17902814547954166
1159,NG_062444.1,-0.17908089698765517
1363,NG_061040.1,-0.17914383775831516
1395,NG_061040.1,-0.17917000718131287
17,NG_065155.1,-0.1792126435475606
369,NG_061032.1,-0.1792329688824128
1904,NG_061300.1,-0.17932649195383688
462,NG_062443.1,-0.17932649195383688
1124,NG_065158.1,-0.17935367072607283
1401,NG_063531.1,-0.17941584926334736
1803,NG_070799.1,-0.17945223362312823
585,NG_063521.1,-0.17950771302850205
1216,NG_070788.1,-0.17950835857140868
2,NG_065155.1,-0.17951453077341412
67,NG_065153.1,-0.17951935272693803
426,NG_061105.1,-0.17953867662545403
840,NG_063101.1,-0.17955011871363907
1666,NG_063104.1,-0.17966700055406992
1273,NG_063529.1,-0.17967086498431478
1545,NG_061036.1,-0.17969437731865684
1966,NG_062442.1,-0.17977602371709506
847,NG_063101.1,-0.17982200239571333
601,NG_063522.1,-0.17982728591252867
368,NG_061032.1,-0.18000233549563194
1021,NG_065157.1,-0.18008525171008277
330,NG_061033.1,-0.18008798299807116
633,NG_063522.1,-0.18011552531311426
1800,NG_070799.1,-0.1801659505440784
1672,NG_063104.1,-0.18018899822384715
1741,NG_063108.1,-0.18018899822384715
1547,NG_061036.1,-0.18025160392725637
1140,NG_065158.1,-0.18033628070561974
501,NG_062140.1,-0.18034683960345943
308,NG_061033.1,-0.18037971287660165
1340,NG_063530.1,-0.1803876343677413
1215,NG_070788.1,-0.18041627810204058
689,NG_063524.1,-0.1804895219136345
1822,NG_070799.1,-0.180497900255644
713,NG_061034.1,-0.18057377219842374
694,NG_063524.1,-0.18058587353786681
51,NG_065153.1,-0.18059314585490682
79,NG_065153.1,-0.18065719539616304
372,NG_061032.1,-0.18066063981708963
1814,NG_070799.1,-0.18073165071104969
1539,NG_061036.1,-0.18092705465341336
1467,NG_063532.1,-0.1810605172258421
254,NG_065156.1,-0.18112428020388116
344,NG_061033.1,-0.1812376114869752
752,NG_062141.1,-0.1812462430109048
250,NG_065156.1,-0.1812953051738448
1570,NG_061037.1,-0.18130102271475673
1382,NG_061040.1,-0.1813659879181324
138,NG_062683.1,-0.18138363696412235
446,NG_061105.1,-0.18142713222416773
1100,NG_065158.1,-0.18146509553773943
1720,NG_063108.1,-0.1816257853136773
1339,NG_063530.1,-0.18168018736756758
399,NG_061032.1,-0.18175474192867147
366,NG_061032.1,-0.18181702511550962
300,NG_061033.1,-0.181877101542068
84,NG_065153.1,-0.1819200787056886
145,NG_062683.1,-0.18207084929210904
1551,NG_061037.1,-0.18213421514709693
1074,NG_065803.1,-0.1821518834819701
1815,NG_070799.1,-0.1821518834819701
403,NG_061105.1,-0.18216760309714586
142,NG_062683.1,-0.18219447297187075
493,NG_062443.1,-0.18220382717363176
968,NG_065154.1,-0.1822351166154867
523,NG_062140.1,-0.18225053354417398
690,NG_063524.1,-0.18234038751792286
1017,NG_065157.1,-0.18237463055481767
339,NG_061033.1,-0.18237666107572997
1416,NG_063531.1,-0.18239007175280675
926,NG_065802.1,-0.1824307694892086
1233,NG_070788.1,-0.18243881236992426
2008,NG_017185.1,-0.1824486851700846
1297,NG_063529.1,-0.18245656351092687
111,NG_062683.1,-0.18245971033093206
1591,NG_061037.1,-0.18251409831149829
100,NG_062683.1,-0.18251632685687047
798,NG_062141.1,-0.18274389849261152
527,NG_062140.1,-0.18293357387110526
312,NG_061033.1,-0.18296556041422268
1825,NG_070799.1,-0.18296894210569858
714,NG_061034.1,-0.18305804854413843
817,NG_063101.1,-0.18305817927849655
348,NG_061033.1,-0.18312881406596349
1312,NG_063530.1,-0.18315166754122886
1358,NG_061040.1,-0.18316202253124536
911,NG_065802.1,-0.1831911603534616
1907,NG_061300.1,-0.18319126544998743
1029,NG_065157.1,-0.1832220187376885
1450,NG_063532.1,-0.18322730213157057
2016,NG_017185.1,-0.18323781760515856
455,NG_062443.1,-0.18332475549704147
1425,NG_063531.1,-0.18339836210356747
765,NG_062141.1,-0.1834509501389145
1258,NG_063529.1,-0.18352215006957273
1346,NG_063530.1,-0.18353497532633317
102,NG_062683.1,-0.1835560889682183
101,NG_062683.1,-0.18355682979754706
1796,NG_063107.1,-0.18358432249885448
374,NG_061032.1,-0.18359721633538156
379,NG_061032.1,-0.1837500348763838
226,NG_063111.1,-0.18378050906553234
472,NG_062443.1,-0.18378931660266612
1315,NG_063530.1,-0.18391348003656366
1152,NG_062444.1,-0.1839462990337331
846,NG_063101.1,-0.183985979989022
1366,NG_061040.1,-0.183998332356352
1669,NG_063104.1,-0.18402455795460987
1724,NG_063108.1,-0.18408579628430272
1620,NG_063105.1,-0.1841002114100811
1323,NG_063530.1,-0.1841106509082478
621,NG_063522.1,-0.1841135463101422
1726,NG_063108.1,-0.1841348595812693
1244,NG_070788.1,-0.1842069412546854
524,NG_062140.1,-0.1842214926874599
1506,NG_061036.1,-0.18432680812464147
983,NG_065154.1,-0.18434181794116744
398,NG_061032.1,-0.18435512614144212
47,NG_065155.1,-0.18438139307790707
1040,NG_065157.1,-0.18442036599739026
1222,NG_070788.1,-0.18442701740689654
64,NG_065153.1,-0.18452362913152343
1749,NG_063108.1,-0.1846642701136803
1794,NG_063107.1,-0.1847098459134493
1214,NG_070788.1,-0.184711180767415
1468,NG_063532.1,-0.18479096932926792
1513,NG_061036.1,-0.1848291175651111
1747,NG_063108.1,-0.1848752467695915
828,NG_063101.1,-0.18491231593093604
57,NG_065153.1,-0.18498299622075726
132,NG_062683.1,-0.1850960892549499
1698,NG_063104.1,-0.18521951227126532
1763,NG_063107.1,-0.18523337939193024
268,NG_065156.1,-0.18523513007196357
1294,NG_063529.1,-0.18526574098912096
2028,NG_017185.1,-0.1852891422312417
962,NG_065154.1,-0.18529747365640442
1012,NG_065157.1,-0.18529751274508582
1277,NG_063529.1,-0.18532069752610875
809,NG_063101.1,-0.18535500253541387
1265,NG_063529.1,-0.1853679348988284
4,NG_065155.1,-0.18537361945561392
1301,NG_063530.1,-0.18539949560827423
1232,NG_070788.1,-0.18540275690196273
622,NG_063522.1,-0.1854231636368449
1534,NG_061036.1,-0.1855009385829105
1391,NG_061040.1,-0.1855967773516385
550,NG_063521.1,-0.18564811265169578
1550,NG_061037.1,-0.18565965776118037
1326,NG_063530.1,-0.18572212728865156
957,NG_065154.1,-0.18579889656971482
577,NG_063521.1,-0.18590038900564354
1658,NG_063104.1,-0.18596140608816208
1676,NG_063104.1,-0.18598595174851174
1703,NG_063108.1,-0.18604758699130136
1154,NG_062444.1,-0.18607276195301115
768,NG_062141.1,-0.1861044903636409
1962,NG_062442.1,-0.1861098167676939
266,NG_065156.1,-0.18616868628891714
897,NG_063102.1,-0.1862040582014996
1858,NG_065159.1,-0.1862771303153105
33,NG_065155.1,-0.18643799781397197
1143,NG_065158.1,-0.1865666464226987
1387,NG_061040.1,-0.18660085120889258
397,NG_061032.1,-0.18662565013897725
468,NG_062443.1,-0.18668258906048663
73,NG_065153.1,-0.18668909857081767
2002,NG_017185.1,-0.1868783158103779
712,NG_061034.1,-0.18690250425959426
1057,NG_065803.1,-0.1869073556293871
1770,NG_063107.1,-0.18690948723613798
147,NG_062683.1,-0.18691147556626564
2001,NG_017185.1,-0.1870767356650085
1478,NG_063532.1,-0.1870872979193926
474,NG_062443.1,-0.18710184878552927
1065,NG_065803.1,-0.18720783992197165
663,NG_063524.1,-0.18726626893495213
1585,NG_061037.1,-0.1873178164701662
864,NG_063102.1,-0.18733393024199912
19,NG_065155.1,-0.18739095239549947
657,NG_063524.1,-0.18742343971880443
529,NG_062140.1,-0.18749242935584343
1285,NG_063529.1,-0.18758175730321147
1700,NG_063108.1,-0.18762829885175847
1678,NG_063104.1,-0.1876480068868428
66,NG_065153.1,-0.1879314812710733
1368,NG_061040.1,-0.1879373537957464
1393,NG_061040.1,-0.18798009102349117
1670,NG_063104.1,-0.18799476704810347
116,NG_062683.1,-0.18804354204960844
685,NG_063524.1,-0.18809469898301834
574,NG_063521.1,-0.18811587421691556
582,NG_063521.1,-0.18811587421691556
1055,NG_065803.1,-0.18816685760959923
1394,NG_061040.1,-0.1882014042989445
1621,NG_063105.1,-0.1883994519684099
144,NG_062683.1,-0.18840236882635403
588,NG_063521.1,-0.18863878618639202
950,NG_065154.1,-0.18866985317504842
2005,NG_017185.1,-0.18880674699955918
1314,NG_063530.1,-0.18881319713023492
777,NG_062141.1,-0.18882558934507981
1001,NG_065157.1,-0.18883876888771328
135,NG_062683.1,-0.18897702174781983
806,NG_063101.1,-0.189042945550787
434,NG_061105.1,-0.1891098303873418
1302,NG_063530.1,-0.18911423477532596
676,NG_063524.1,-0.18912146487965742
908,NG_065802.1,-0.18917073644973303
1209,NG_070788.1,-0.18921686072400373
695,NG_063524.1,-0.18927985353661447
1371,NG_061040.1,-0.18933333987749812
361,NG_061032.1,-0.18936179290320182
1789,NG_063107.1,-0.18944817614318682
96,NG_065153.1,-0.18948583438195088
1041,NG_065157.1,-0.1895075520509364
1362,NG_061040.1,-0.18952250092399014
874,NG_063102.1,-0.1895301653766887
1830,NG_070799.1,-0.18954249705767273
445,NG_061105.1,-0.18957557958349536
272,NG_065156.1,-0.18958426381229554
878,NG_063102.1,-0.18960220141721107
715,NG_061034.1,-0.18961072953191804
858,NG_063102.1,-0.18987854347863192
628,NG_063522.1,-0.18988151907137346
61,NG_065153.1,-0.18999418092935594
1184,NG_062444.1,-0.1901863026556463
1580,NG_061037.1,-0.19019307440192967
909,NG_065802.1,-0.19030784772153758
1388,NG_061040.1,-0.19030898182167688
738,NG_061034.1,-0.19035061037942314
1862,NG_065159.1,-0.1903806529068212
954,NG_065154.1,-0.19060585587370615
93,NG_065153.1,-0.19072296115905635
979,NG_065154.1,-0.19076228368862053
1421,NG_063531.1,-0.19076323947939638
1984,NG_062442.1,-0.19084475979549265
1130,NG_065158.1,-0.19084475979549265
1470,NG_063532.1,-0.19092351853980688
1311,NG_063530.1,-0.19097920387524348
996,NG_065154.1,-0.19100457192485215
929,NG_065802.1,-0.1910893627371078
1108,NG_065158.1,-0.1911097875339684
535,NG_062140.1,-0.1911267348457305
790,NG_062141.1,-0.19114502853827542
959,NG_065154.1,-0.19126640979802478
1529,NG_061036.1,-0.19137403453513996
672,NG_063524.1,-0.1914077957557449
1271,NG_063529.1,-0.19141797724733173
498,NG_062443.1,-0.1914739460796826
1509,NG_061036.1,-0.1914849746194784
1260,NG_063529.1,-0.19148525202166472
1831,NG_070799.1,-0.19160028955112318
1572,NG_061037.1,-0.1916523499203796
1967,NG_062442.1,-0.19167569108092164
831,NG_063101.1,-0.19168066476971218
1680,NG_063104.1,-0.1917220591749011
578,NG_063521.1,-0.19174023960429476
1052,NG_065803.1,-0.1917569516318388
653,NG_063524.1,-0.19192670004291562
1988,NG_062442.1,-0.1920261538812404
827,NG_063101.1,-0.19212350893315266
115,NG_062683.1,-0.1921419782798583
1776,NG_063107.1,-0.19229735460218733
485,NG_062443.1,-0.19238156938662943
155,NG_063110.1,-0.19243412906363405
1518,NG_061036.1,-0.19245951920769466
414,NG_061105.1,-0.1925021591819973
1558,NG_061037.1,-0.1926278737152013
834,NG_063101.1,-0.1926739404866088
736,NG_061034.1,-0.1927831922169314
973,NG_065154.1,-0.19296873622099975
1938,NG_061300.1,-0.1930708771755037
830,NG_063101.1,-0.19314815363921867
2006,NG_017185.1,-0.1931900993123159
190,NG_063110.1,-0.1932501515657064
515,NG_062140.1,-0.1932747765800834
1375,NG_061040.1,-0.1932898548409407
1163,NG_062444.1,-0.1933802938986522
127,NG_062683.1,-0.1935876760501261
884,NG_063102.1,-0.19365790012092376
903,NG_065802.1,-0.19373687890549934
1766,NG_063107.1,-0.19378296435124248
1491,NG_063532.1,-0.19389449711376783
1359,NG_061040.1,-0.1939296708366534
435,NG_061105.1,-0.19394374378471502
118,NG_062683.1,-0.19400218520997364
376,NG_061032.1,-0.19400765528529035
1599,NG_061037.1,-0.1940385956078849
948,NG_065802.1,-0.1940598759637141
1930,NG_061300.1,-0.1940982620455174
916,NG_065802.1,-0.19421388596234224
1886,NG_065159.1,-0.1942729086816669
773,NG_062141.1,-0.19427686323918325
117,NG_062683.1,-0.19434628477878318
1083,NG_065803.1,-0.19461205698980683
1582,NG_061037.1,-0.1946221210919209
654,NG_063524.1,-0.1946267771906825
2024,NG_017185.1,-0.1947780192579351
321,NG_061033.1,-0.19483505379870836
548,NG_062140.1,-0.1948703258903271
1792,NG_063107.1,-0.19496103998742043
1072,NG_065803.1,-0.19498457780431377
820,NG_063101.1,-0.1950257593229494
835,NG_063101.1,-0.19527387672796787
1131,NG_065158.1,-0.1953699870355849
1887,NG_065159.1,-0.1954232685086797
1937,NG_061300.1,-0.1954232685086797
1923,NG_061300.1,-0.19542618713018434
342,NG_061033.1,-0.19579955950725259
902,NG_065802.1,-0.1958079640528559
1576,NG_061037.1,-0.19586188779229047
313,NG_061033.1,-0.19596267398283063
332,NG_061033.1,-0.19596267398283063
1540,NG_061036.1,-0.19598562956893267
105,NG_062683.1,-0.1960396907535873
123,NG_062683.1,-0.19609325913857045
413,NG_061105.1,-0.1961060691618503
214,NG_063111.1,-0.1961328625849294
216,NG_063111.1,-0.1961328625849294
1538,NG_061036.1,-0.19619315938028803
1594,NG_061037.1,-0.19629715460658048
659,NG_063524.1,-0.19657288601479406
2032,NG_017185.1,-0.19658403915367756
497,NG_062443.1,-0.19669108489765913
711,NG_061034.1,-0.19683271616891634
838,NG_063101.1,-0.1968466582794101
1474,NG_063532.1,-0.19686492084373097
1364,NG_061040.1,-0.19689143407185167
1456,NG_063532.1,-0.19689855048070692
1275,NG_063529.1,-0.1972537320525694
1631,NG_063105.1,-0.1972960481090627
1860,NG_065159.1,-0.19770558092927087
876,NG_063102.1,-0.19801978896257644
539,NG_062140.1,-0.19803384058097423
295,NG_065156.1,-0.19805694022684633
644,NG_063522.1,-0.19811261123914048
708,NG_061034.1,-0.19813642254281444
650,NG_063524.1,-0.1983748538682552
82,NG_065153.1,-0.19837908504272267
1516,NG_061036.1,-0.1987924152128297
1380,NG_061040.1,-0.19893227788050655
606,NG_063522.1,-0.19893971631281165
319,NG_061033.1,-0.19908412975606682
1286,NG_063529.1,-0.19925150196942287
630,NG_063522.1,-0.19989071636350797
684,NG_063524.1,-0.2006281919515026
1272,NG_063529.1,-0.20239690979045472
