idx,true_label,pred_label,pred_conf
0,NG_065155.1,NG_065155.1,0.1552154082957911
1,NG_065155.1,NG_065155.1,0.16785417867730607
2,NG_065155.1,NG_063105.1,0.11221201882807387
3,NG_065155.1,NG_061034.1,0.047740347312147116
4,NG_065155.1,NG_062444.1,0.08554886792019431
5,NG_065155.1,NG_065155.1,0.05839191820770178
6,NG_065155.1,NG_065155.1,0.5856931134498036
7,NG_065155.1,NG_062442.1,0.05739185969508121
8,NG_065155.1,NG_062444.1,0.06486743904694944
9,NG_065155.1,NG_065155.1,0.18796336777455894
10,NG_065155.1,NG_065158.1,0.40199855817751723
11,NG_065155.1,NG_065803.1,0.11595514081064034
12,NG_065155.1,NG_065155.1,0.7086621386533745
13,NG_065155.1,NG_063104.1,0.10373289961330387
14,NG_065155.1,NG_065155.1,0.7063520224520013
15,NG_065155.1,NG_063108.1,0.09872537200960625
16,NG_065155.1,NG_065155.1,0.6583824787471974
17,NG_065155.1,NG_065158.1,0.1991436682644935
18,NG_065155.1,NG_065155.1,0.085899428022904
19,NG_065155.1,NG_065158.1,0.15481356345401778
20,NG_065155.1,NG_063108.1,0.18722299076140195
21,NG_065155.1,NG_065155.1,0.14111234436235431
22,NG_065155.1,NG_061300.1,0.06858403244997503
23,NG_065155.1,NG_065155.1,0.13853476792210895
24,NG_065155.1,NG_065158.1,0.18452283577213335
25,NG_065155.1,NG_063104.1,0.11006376253432391
26,NG_065155.1,NG_065155.1,0.4025623206036554
27,NG_065155.1,NG_063107.1,0.05178510027718964
28,NG_065155.1,NG_065156.1,0.6220115106519665
29,NG_065155.1,NG_065155.1,0.3133613645162372
30,NG_065155.1,NG_065155.1,0.6168073586630397
31,NG_065155.1,NG_061300.1,0.10646287351989248
32,NG_065155.1,NG_065155.1,0.1727418926502947
33,NG_065155.1,NG_062444.1,0.1314957272768651
34,NG_065155.1,NG_063108.1,0.07455465540785111
35,NG_065155.1,NG_065155.1,0.46845646517958833
36,NG_065155.1,NG_063108.1,0.15562019829312224
37,NG_065155.1,NG_070799.1,0.12128284196837927
38,NG_065155.1,NG_065155.1,0.4625776149012963
39,NG_065155.1,NG_065156.1,0.6945299079870692
40,NG_065155.1,NG_065155.1,0.043822643974963105
41,NG_065155.1,NG_063104.1,0.10323950499502514
42,NG_065155.1,NG_065155.1,0.7226322004873458
43,NG_065155.1,NG_065803.1,0.25585374605627725
44,NG_065155.1,NG_065155.1,0.38895712365977475
45,NG_065155.1,NG_065155.1,0.3675810700562366
46,NG_065155.1,NG_065803.1,0.11133887068338061
47,NG_065155.1,NG_063107.1,0.06844166117490015
48,NG_065155.1,NG_065155.1,0.5621765831718722
49,NG_065155.1,NG_063107.1,0.0678457052451885
50,NG_065153.1,NG_065153.1,0.2594762294580073
51,NG_065153.1,NG_065153.1,0.9148553625911855
52,NG_065153.1,NG_065153.1,0.26924483135497923
53,NG_065153.1,NG_065153.1,0.6574181440229946
54,NG_065153.1,NG_065802.1,0.05248734099083714
55,NG_065153.1,NG_061037.1,0.05749785179269552
56,NG_065153.1,NG_065802.1,0.06294302962197816
57,NG_065153.1,NG_062683.1,0.08399438450166571
58,NG_065153.1,NG_065153.1,0.9374801897548474
59,NG_065153.1,NG_065154.1,0.3387164284976592
60,NG_065153.1,NG_065153.1,0.7161327014422149
61,NG_065153.1,NG_065153.1,0.846825131836817
62,NG_065153.1,NG_065153.1,0.941096573422717
63,NG_065153.1,NG_065153.1,0.9013943264809109
64,NG_065153.1,NG_065153.1,0.866664565388146
65,NG_065153.1,NG_065153.1,0.9652127497024127
66,NG_065153.1,NG_017185.1,0.05319150818903281
67,NG_065153.1,NG_062683.1,0.5718152348160004
68,NG_065153.1,NG_061037.1,0.06536020042867151
69,NG_065153.1,NG_065153.1,0.6809663726857051
70,NG_065153.1,NG_065153.1,0.9717673229935099
71,NG_065153.1,NG_062443.1,0.10025399347555088
72,NG_065153.1,NG_065153.1,0.4956634260143744
73,NG_065153.1,NG_065153.1,0.9326417372467275
74,NG_065153.1,NG_065153.1,0.9395090308210063
75,NG_065153.1,NG_065153.1,0.9585162328561928
76,NG_065153.1,NG_065153.1,0.9724025691322217
77,NG_065153.1,NG_062141.1,0.07652617799708669
78,NG_065153.1,NG_065153.1,0.4336229544659491
79,NG_065153.1,NG_061105.1,0.05992508289365959
80,NG_065153.1,NG_065153.1,0.9437396559938696
81,NG_065153.1,NG_062683.1,0.26828787836054413
82,NG_065153.1,NG_065153.1,0.9016334578569437
83,NG_065153.1,NG_065153.1,0.714311135627366
84,NG_065153.1,NG_065153.1,0.8902116595407235
85,NG_065153.1,NG_063102.1,0.0688222827399732
86,NG_065153.1,NG_061105.1,0.3182034224247166
87,NG_065153.1,NG_065153.1,0.9483166306545404
88,NG_065153.1,NG_065153.1,0.9672499662787867
89,NG_065153.1,NG_063104.1,0.06476852860661823
90,NG_065153.1,NG_063102.1,0.062165300711884426
91,NG_065153.1,NG_065153.1,0.253239691326442
92,NG_065153.1,NG_065153.1,0.5789581039379476
93,NG_065153.1,NG_065153.1,0.7142805393624921
94,NG_065153.1,NG_061105.1,0.3800807045340697
95,NG_065153.1,NG_065153.1,0.9679983027384321
96,NG_065153.1,NG_065153.1,0.2411319457013564
97,NG_065153.1,NG_065153.1,0.9403024222417082
98,NG_065153.1,NG_065153.1,0.4190669755967603
99,NG_065153.1,NG_065153.1,0.37954036554418796
100,NG_062683.1,NG_065153.1,0.12598170649398596
101,NG_062683.1,NG_062683.1,0.9339161845418134
102,NG_062683.1,NG_062683.1,0.8723829916566969
103,NG_062683.1,NG_062683.1,0.8815011132084289
104,NG_062683.1,NG_061040.1,0.3026292950041349
105,NG_062683.1,NG_063532.1,0.04534473588555603
106,NG_062683.1,NG_062140.1,0.06570464454686091
107,NG_062683.1,NG_062683.1,0.5728556014882791
108,NG_062683.1,NG_062683.1,0.11099560096191137
109,NG_062683.1,NG_062683.1,0.25658359137463177
110,NG_062683.1,NG_063521.1,0.03425193431940522
111,NG_062683.1,NG_062683.1,0.9585985571539714
112,NG_062683.1,NG_062683.1,0.37970076585104806
113,NG_062683.1,NG_062683.1,0.8750007581140081
114,NG_062683.1,NG_062683.1,0.688692050425453
115,NG_062683.1,NG_062683.1,0.9566670743123615
116,NG_062683.1,NG_062683.1,0.9752227932002616
117,NG_062683.1,NG_062683.1,0.9135993914112834
118,NG_062683.1,NG_062683.1,0.964568994800124
119,NG_062683.1,NG_061105.1,0.05791557104570364
120,NG_062683.1,NG_062683.1,0.6305010153964676
121,NG_062683.1,NG_062683.1,0.8242687575362341
122,NG_062683.1,NG_062683.1,0.08013701086175254
123,NG_062683.1,NG_063532.1,0.0443055172764853
124,NG_062683.1,NG_065153.1,0.05948801335820049
125,NG_062683.1,NG_062683.1,0.055283107025698316
126,NG_062683.1,NG_062683.1,0.5452529812401028
127,NG_062683.1,NG_062683.1,0.036272638601627896
128,NG_062683.1,NG_061034.1,0.07913035076487643
129,NG_062683.1,NG_062683.1,0.9038968924236863
130,NG_062683.1,NG_062683.1,0.9618862407180189
131,NG_062683.1,NG_061037.1,0.10483863522632353
132,NG_062683.1,NG_062683.1,0.061472821446935826
133,NG_062683.1,NG_062683.1,0.9753311581900916
134,NG_062683.1,NG_017185.1,0.03790531965065464
135,NG_062683.1,NG_063102.1,0.04668652168783734
136,NG_062683.1,NG_062683.1,0.9705722050242496
137,NG_062683.1,NG_065156.1,0.1326242002861254
138,NG_062683.1,NG_062683.1,0.44540823674577096
139,NG_062683.1,NG_062683.1,0.5690275648295573
140,NG_062683.1,NG_062683.1,0.8951262660684215
141,NG_062683.1,NG_062683.1,0.8186883701316654
142,NG_062683.1,NG_062683.1,0.9335698538013205
143,NG_062683.1,NG_062683.1,0.8520446312868503
144,NG_062683.1,NG_062683.1,0.9434221037780129
145,NG_062683.1,NG_062683.1,0.8565090437209153
146,NG_062683.1,NG_061037.1,0.1472137362599729
147,NG_062683.1,NG_062683.1,0.974200568028125
148,NG_062683.1,NG_063101.1,0.09009849322823973
149,NG_062683.1,NG_062683.1,0.9687520350997567
150,NG_063110.1,NG_063110.1,0.5962886770860172
151,NG_063110.1,NG_063111.1,0.8502106156533187
152,NG_063110.1,NG_063110.1,0.757349800823889
153,NG_063110.1,NG_063110.1,0.7711505289746916
154,NG_063110.1,NG_063110.1,0.6440663093648462
155,NG_063110.1,NG_063110.1,0.14472275008787644
156,NG_063110.1,NG_063110.1,0.7717564164930492
157,NG_063110.1,NG_063111.1,0.19204598445077578
158,NG_063110.1,NG_063110.1,0.6448681990105932
159,NG_063110.1,NG_063110.1,0.44535992324353535
160,NG_063110.1,NG_065154.1,0.6921679888186454
161,NG_063110.1,NG_063110.1,0.6827809475823001
162,NG_063110.1,NG_063111.1,0.6238997172979269
163,NG_063110.1,NG_063111.1,0.8611601890722183
164,NG_063110.1,NG_063110.1,0.7667232256613095
165,NG_063110.1,NG_063110.1,0.7565452411447052
166,NG_063110.1,NG_063110.1,0.667024636554909
167,NG_063110.1,NG_063110.1,0.38560080659478646
168,NG_063110.1,NG_063111.1,0.07397020176672167
169,NG_063110.1,NG_063110.1,0.1778190130384131
170,NG_063110.1,NG_063110.1,0.8055796341452177
171,NG_063110.1,NG_063110.1,0.8002439112901923
172,NG_063110.1,NG_063110.1,0.5696526207659522
173,NG_063110.1,NG_063110.1,0.7109002758175923
174,NG_063110.1,NG_063110.1,0.3849557533854217
175,NG_063110.1,NG_063110.1,0.5668241793318343
176,NG_063110.1,NG_063110.1,0.768133568715544
177,NG_063110.1,NG_063110.1,0.14252210566521212
178,NG_063110.1,NG_063110.1,0.5957358976753313
179,NG_063110.1,NG_063111.1,0.036473573603834346
180,NG_063110.1,NG_063110.1,0.7212180314311296
181,NG_063110.1,NG_063111.1,0.5808495938613796
182,NG_063110.1,NG_063111.1,0.5916567655665333
183,NG_063110.1,NG_063110.1,0.798674646287136
184,NG_063110.1,NG_063111.1,0.8404786709424851
185,NG_063110.1,NG_063110.1,0.7903683219475441
186,NG_063110.1,NG_061105.1,0.16067683435307664
187,NG_063110.1,NG_063110.1,0.8016165802685268
188,NG_063110.1,NG_065154.1,0.3802287437539556
189,NG_063110.1,NG_063110.1,0.660056240722366
190,NG_063110.1,NG_063110.1,0.43135717199074464
191,NG_063110.1,NG_063110.1,0.40561496572201566
192,NG_063110.1,NG_065154.1,0.3394047862127887
193,NG_063110.1,NG_063110.1,0.7962989177035246
194,NG_063110.1,NG_065154.1,0.7814983289095242
195,NG_063110.1,NG_063110.1,0.739092118740585
196,NG_063110.1,NG_063110.1,0.8039427878189972
197,NG_063110.1,NG_063110.1,0.5135183260488365
198,NG_063110.1,NG_063110.1,0.7295643251427276
199,NG_063110.1,NG_063110.1,0.7035187290421621
200,NG_063111.1,NG_063111.1,0.8750731674686519
201,NG_063111.1,NG_063111.1,0.1059268650943098
202,NG_063111.1,NG_063111.1,0.8438459046233635
203,NG_063111.1,NG_063111.1,0.7283630022854133
204,NG_063111.1,NG_063111.1,0.8610330029272709
205,NG_063111.1,NG_063111.1,0.07397020176672167
206,NG_063111.1,NG_063110.1,0.5680130110165933
207,NG_063111.1,NG_063110.1,0.7360127128728116
208,NG_063111.1,NG_063111.1,0.8249091530222726
209,NG_063111.1,NG_065154.1,0.12120090291155934
210,NG_063111.1,NG_063111.1,0.794776515211096
211,NG_063111.1,NG_063111.1,0.8520618211465251
212,NG_063111.1,NG_063111.1,0.8721010849651297
213,NG_063111.1,NG_063111.1,0.8649608920967278
214,NG_063111.1,NG_063111.1,0.8339188330343872
215,NG_063111.1,NG_063111.1,0.8778546165160254
216,NG_063111.1,NG_063111.1,0.8359291428307492
217,NG_063111.1,NG_063111.1,0.750445879737203
218,NG_063111.1,NG_063111.1,0.8643879114710077
219,NG_063111.1,NG_063110.1,0.10732591584634475
220,NG_063111.1,NG_063110.1,0.43730064402076596
221,NG_063111.1,NG_063111.1,0.4899977028413827
222,NG_063111.1,NG_065154.1,0.49415119278563835
223,NG_063111.1,NG_063111.1,0.4630683820744405
224,NG_063111.1,NG_063110.1,0.41940387918668787
225,NG_063111.1,NG_063111.1,0.6561058334329083
226,NG_063111.1,NG_063110.1,0.26845305078843024
227,NG_063111.1,NG_063111.1,0.7745427218060349
228,NG_063111.1,NG_063111.1,0.46335548046569314
229,NG_063111.1,NG_063110.1,0.6118363508633656
230,NG_063111.1,NG_063110.1,0.7613066556765729
231,NG_063111.1,NG_063111.1,0.815141961703453
232,NG_063111.1,NG_063111.1,0.4277265464897278
233,NG_063111.1,NG_063111.1,0.6671128126330426
234,NG_063111.1,NG_063110.1,0.2800149705387843
235,NG_063111.1,NG_063110.1,0.17954011625504912
236,NG_063111.1,NG_063111.1,0.770459767945735
237,NG_063111.1,NG_063111.1,0.7572298018814577
238,NG_063111.1,NG_063111.1,0.5476837513666225
239,NG_063111.1,NG_063111.1,0.6900375928629111
240,NG_063111.1,NG_063111.1,0.8586587572116613
241,NG_063111.1,NG_063111.1,0.7672471493216344
242,NG_063111.1,NG_063111.1,0.7733849524633398
243,NG_063111.1,NG_063111.1,0.7867211550021679
244,NG_063111.1,NG_063111.1,0.47897059226853317
245,NG_063111.1,NG_063110.1,0.17917909659316142
246,NG_063111.1,NG_063111.1,0.2451910762533932
247,NG_063111.1,NG_063111.1,0.5761058418899602
248,NG_063111.1,NG_063111.1,0.11619883067408743
249,NG_063111.1,NG_063111.1,0.8720190793660859
250,NG_065156.1,NG_065156.1,0.45114749022641687
251,NG_065156.1,NG_065156.1,0.5849846184096851
252,NG_065156.1,NG_065156.1,0.7188954757781947
253,NG_065156.1,NG_062444.1,0.12050146825531702
254,NG_065156.1,NG_061034.1,0.04002792358103747
255,NG_065156.1,NG_065156.1,0.498733621754353
256,NG_065156.1,NG_065156.1,0.6015199012255529
257,NG_065156.1,NG_065156.1,0.766914664921894
258,NG_065156.1,NG_070799.1,0.09566413367252145
259,NG_065156.1,NG_065155.1,0.18473949004851997
260,NG_065156.1,NG_065155.1,0.5981278142012916
261,NG_065156.1,NG_062442.1,0.08477682276037128
262,NG_065156.1,NG_065156.1,0.1537724583497275
263,NG_065156.1,NG_061300.1,0.3569035669838972
264,NG_065156.1,NG_065156.1,0.10817109680153691
265,NG_065156.1,NG_065156.1,0.6367672419637639
266,NG_065156.1,NG_065803.1,0.038019535413474824
267,NG_065156.1,NG_065156.1,0.09910414061306481
268,NG_065156.1,NG_065155.1,0.04976296377321004
269,NG_065156.1,NG_061300.1,0.08997005423318985
270,NG_065156.1,NG_065156.1,0.3461718550955802
271,NG_065156.1,NG_065156.1,0.8416345956943906
272,NG_065156.1,NG_065156.1,0.0788028384269387
273,NG_065156.1,NG_065156.1,0.6179212373318705
274,NG_065156.1,NG_062444.1,0.09152652530946158
275,NG_065156.1,NG_065156.1,0.6373781212434552
276,NG_065156.1,NG_017185.1,0.10879491811201569
277,NG_065156.1,NG_065156.1,0.8631245610460941
278,NG_065156.1,NG_062444.1,0.10006054462979744
279,NG_065156.1,NG_062444.1,0.09551256169573112
280,NG_065156.1,NG_063108.1,0.04427266240474439
281,NG_065156.1,NG_062443.1,0.041995301469671405
282,NG_065156.1,NG_065156.1,0.9332489511110792
283,NG_065156.1,NG_065156.1,0.5595637776573937
284,NG_065156.1,NG_065155.1,0.049422076179679746
285,NG_065156.1,NG_061034.1,0.053004727762492015
286,NG_065156.1,NG_062683.1,0.08174005455022476
287,NG_065156.1,NG_065156.1,0.9434906534421493
288,NG_065156.1,NG_065156.1,0.26077333717045936
289,NG_065156.1,NG_065156.1,0.3085634893587146
290,NG_065156.1,NG_065156.1,0.8083176374534924
291,NG_065156.1,NG_065156.1,0.9479744144549597
292,NG_065156.1,NG_061300.1,0.055308583270201495
293,NG_065156.1,NG_065156.1,0.48331705332302116
294,NG_065156.1,NG_065156.1,0.0592586682373612
295,NG_065156.1,NG_065156.1,0.40572545065809495
296,NG_065156.1,NG_065156.1,0.8972847992519568
297,NG_065156.1,NG_065156.1,0.9328261715073196
298,NG_065156.1,NG_065156.1,0.9651275598572846
299,NG_065156.1,NG_062443.1,0.04233627046899727
300,NG_061033.1,NG_061033.1,0.7342790099774139
301,NG_061033.1,NG_061033.1,0.3753533419547509
302,NG_061033.1,NG_063102.1,0.06987391621945034
303,NG_061033.1,NG_061033.1,0.964670802589127
304,NG_061033.1,NG_061034.1,0.05792188256909861
305,NG_061033.1,NG_061037.1,0.057859424765248114
306,NG_061033.1,NG_061033.1,0.9618453658989354
307,NG_061033.1,NG_061033.1,0.9438048261622894
308,NG_061033.1,NG_061037.1,0.13936548579616115
309,NG_061033.1,NG_061033.1,0.18032521065708776
310,NG_061033.1,NG_061033.1,0.962087507341287
311,NG_061033.1,NG_061033.1,0.9676607092987877
312,NG_061033.1,NG_061033.1,0.9646628649379325
313,NG_061033.1,NG_061033.1,0.9614700296618283
314,NG_061033.1,NG_061033.1,0.9393982560713117
315,NG_061033.1,NG_061033.1,0.07795100401460865
316,NG_061033.1,NG_063529.1,0.062350419584167094
317,NG_061033.1,NG_061032.1,0.10577263758416684
318,NG_061033.1,NG_061033.1,0.961669737081205
319,NG_061033.1,NG_061033.1,0.9473236657560328
320,NG_061033.1,NG_061037.1,0.2008301958419891
321,NG_061033.1,NG_061033.1,0.8983038981515744
322,NG_061033.1,NG_063522.1,0.17389429504689596
323,NG_061033.1,NG_061033.1,0.9484181596066104
324,NG_061033.1,NG_061037.1,0.21977130313633386
325,NG_061033.1,NG_061033.1,0.19025125152748756
326,NG_061033.1,NG_017185.1,0.04806191120968609
327,NG_061033.1,NG_061033.1,0.9619842261532245
328,NG_061033.1,NG_061037.1,0.6041329903767932
329,NG_061033.1,NG_061033.1,0.9624561240415569
330,NG_061033.1,NG_061033.1,0.7264747082595908
331,NG_061033.1,NG_061033.1,0.9217947316561613
332,NG_061033.1,NG_061033.1,0.9690916584696462
333,NG_061033.1,NG_061033.1,0.9218016760050632
334,NG_061033.1,NG_061033.1,0.923823869778945
335,NG_061033.1,NG_061033.1,0.8191529806538557
336,NG_061033.1,NG_061033.1,0.740882514564478
337,NG_061033.1,NG_065153.1,0.3376967687365239
338,NG_061033.1,NG_061033.1,0.5424642711739593
339,NG_061033.1,NG_061033.1,0.9137682152487838
340,NG_061033.1,NG_061033.1,0.8492802691946278
341,NG_061033.1,NG_061033.1,0.8844718206542256
342,NG_061033.1,NG_061033.1,0.932840787385092
343,NG_061033.1,NG_061033.1,0.6357049583032308
344,NG_061033.1,NG_061033.1,0.29635973540526783
345,NG_061033.1,NG_061033.1,0.9440598739537294
346,NG_061033.1,NG_061033.1,0.06476759574519969
347,NG_061033.1,NG_061033.1,0.9318928241217392
348,NG_061033.1,NG_061033.1,0.5056860644685595
349,NG_061033.1,NG_061033.1,0.9567480405569168
350,NG_061032.1,NG_061032.1,0.7938378376562548
351,NG_061032.1,NG_061032.1,0.814901260145373
352,NG_061032.1,NG_061032.1,0.13025468793492842
353,NG_061032.1,NG_061032.1,0.8854577085679844
354,NG_061032.1,NG_061032.1,0.8057104639935571
355,NG_061032.1,NG_061032.1,0.8320118491070487
356,NG_061032.1,NG_061032.1,0.17495324746692234
357,NG_061032.1,NG_070788.1,0.11399778415895076
358,NG_061032.1,NG_061032.1,0.9026792589863931
359,NG_061032.1,NG_070788.1,0.05128572865704967
360,NG_061032.1,NG_070788.1,0.9279027718632046
361,NG_061032.1,NG_065157.1,0.0891138690607314
362,NG_061032.1,NG_061032.1,0.7651258299704375
363,NG_061032.1,NG_070788.1,0.26218596058090854
364,NG_061032.1,NG_061032.1,0.88757392980083
365,NG_061032.1,NG_061105.1,0.04645815309293203
366,NG_061032.1,NG_061032.1,0.10202250900073659
367,NG_061032.1,NG_061032.1,0.7626402343376535
368,NG_061032.1,NG_061040.1,0.049760390361430575
369,NG_061032.1,NG_061032.1,0.7623515313581237
370,NG_061032.1,NG_061032.1,0.276581243892324
371,NG_061032.1,NG_061032.1,0.1079705941668058
372,NG_061032.1,NG_070788.1,0.8859592151789114
373,NG_061032.1,NG_061032.1,0.20129325067349707
374,NG_061032.1,NG_061032.1,0.0768327268196129
375,NG_061032.1,NG_061032.1,0.8944980547321808
376,NG_061032.1,NG_070788.1,0.12366144899781077
377,NG_061032.1,NG_061032.1,0.37420153891950486
378,NG_061032.1,NG_061032.1,0.5310356722479389
379,NG_061032.1,NG_061032.1,0.7220530313785247
380,NG_061032.1,NG_061032.1,0.7282957921081971
381,NG_061032.1,NG_063532.1,0.07292381726802893
382,NG_061032.1,NG_061032.1,0.8330471855541913
383,NG_061032.1,NG_061032.1,0.43521591214834326
384,NG_061032.1,NG_061032.1,0.08566161688703447
385,NG_061032.1,NG_061032.1,0.5413052065878308
386,NG_061032.1,NG_061032.1,0.8314315945506076
387,NG_061032.1,NG_061032.1,0.8676323795842528
388,NG_061032.1,NG_061032.1,0.5334169334963295
389,NG_061032.1,NG_061032.1,0.3307881300868769
390,NG_061032.1,NG_061032.1,0.19112242105515295
391,NG_061032.1,NG_061032.1,0.7800802390506324
392,NG_061032.1,NG_061032.1,0.4999598842630127
393,NG_061032.1,NG_061040.1,0.12299698432765527
394,NG_061032.1,NG_061032.1,0.544166924588428
395,NG_061032.1,NG_061032.1,0.7202209374342139
396,NG_061032.1,NG_070788.1,0.14426429937248275
397,NG_061032.1,NG_065157.1,0.059920754479255794
398,NG_061032.1,NG_070788.1,0.23429391178683778
399,NG_061032.1,NG_061033.1,0.07359074553500859
400,NG_061105.1,NG_061105.1,0.8931594754296956
401,NG_061105.1,NG_061105.1,0.9622677564873962
402,NG_061105.1,NG_065154.1,0.23359788756474095
403,NG_061105.1,NG_062683.1,0.060945882485348477
404,NG_061105.1,NG_061105.1,0.6502292225119738
405,NG_061105.1,NG_061105.1,0.33262610206255255
406,NG_061105.1,NG_061105.1,0.9324172644861359
407,NG_061105.1,NG_061105.1,0.9498883665735713
408,NG_061105.1,NG_061105.1,0.9522472984915217
409,NG_061105.1,NG_065802.1,0.07726677660282243
410,NG_061105.1,NG_061105.1,0.9337065646231439
411,NG_061105.1,NG_065802.1,0.07087533120059002
412,NG_061105.1,NG_061105.1,0.8968981387526783
413,NG_061105.1,NG_061105.1,0.5702583544695556
414,NG_061105.1,NG_063101.1,0.04855034928766217
415,NG_061105.1,NG_063108.1,0.05588942602070934
416,NG_061105.1,NG_061105.1,0.862264256644559
417,NG_061105.1,NG_061105.1,0.8418321533663057
418,NG_061105.1,NG_061105.1,0.06977728816308641
419,NG_061105.1,NG_061105.1,0.9479429935908799
420,NG_061105.1,NG_061105.1,0.17441528322698896
421,NG_061105.1,NG_061105.1,0.8763486309475714
422,NG_061105.1,NG_061105.1,0.9607217651560879
423,NG_061105.1,NG_061105.1,0.1380758552071086
424,NG_061105.1,NG_061105.1,0.9208077020079644
425,NG_061105.1,NG_061105.1,0.6571884267661809
426,NG_061105.1,NG_061105.1,0.8341419325075675
427,NG_061105.1,NG_061105.1,0.5580940627069501
428,NG_061105.1,NG_062140.1,0.0766006086550671
429,NG_061105.1,NG_063110.1,0.531168201585102
430,NG_061105.1,NG_063110.1,0.20542692093068693
431,NG_061105.1,NG_065154.1,0.07319006882181864
432,NG_061105.1,NG_061105.1,0.9123302344898414
433,NG_061105.1,NG_065802.1,0.2579529479010583
434,NG_061105.1,NG_061105.1,0.11258153429035034
435,NG_061105.1,NG_063110.1,0.20501414226841955
436,NG_061105.1,NG_065154.1,0.0597967172361982
437,NG_061105.1,NG_061105.1,0.8479427649843888
438,NG_061105.1,NG_063101.1,0.21062684603916965
439,NG_061105.1,NG_063110.1,0.12369196624507284
440,NG_061105.1,NG_061105.1,0.08377508272604009
441,NG_061105.1,NG_061105.1,0.3215319426079172
442,NG_061105.1,NG_063111.1,0.6982365167499869
443,NG_061105.1,NG_061105.1,0.8164531418166026
444,NG_061105.1,NG_061105.1,0.4686948364159741
445,NG_061105.1,NG_065154.1,0.9245592535416345
446,NG_061105.1,NG_061105.1,0.7267612255749107
447,NG_061105.1,NG_061105.1,0.4457921737373305
448,NG_061105.1,NG_061105.1,0.9678836082236685
449,NG_061105.1,NG_061105.1,0.8076657547177061
450,NG_062443.1,NG_063104.1,0.08478172100561265
451,NG_062443.1,NG_061300.1,0.15112141439079163
452,NG_062443.1,NG_062443.1,0.26820097306007923
453,NG_062443.1,NG_061300.1,0.3569376324137745
454,NG_062443.1,NG_065159.1,0.07020871803733272
455,NG_062443.1,NG_065803.1,0.4745347512802535
456,NG_062443.1,NG_065158.1,0.08309843929186449
457,NG_062443.1,NG_063105.1,0.07009133715912164
458,NG_062443.1,NG_061300.1,0.08732737662364551
459,NG_062443.1,NG_063104.1,0.0870484800809023
460,NG_062443.1,NG_063108.1,0.25803684955728734
461,NG_062443.1,NG_062443.1,0.3639675033567487
462,NG_062443.1,NG_061300.1,0.3880297565657991
463,NG_062443.1,NG_062443.1,0.04492462442908243
464,NG_062443.1,NG_062443.1,0.16188550674051758
465,NG_062443.1,NG_061300.1,0.09279293411834058
466,NG_062443.1,NG_062443.1,0.40173603031034
467,NG_062443.1,NG_065159.1,0.08524106009131535
468,NG_062443.1,NG_063107.1,0.28460512124259096
469,NG_062443.1,NG_065156.1,0.09415876906756863
470,NG_062443.1,NG_062443.1,0.1872024201864212
471,NG_062443.1,NG_062443.1,0.08623907602536893
472,NG_062443.1,NG_062443.1,0.29398094047600076
473,NG_062443.1,NG_061300.1,0.08920466856314667
474,NG_062443.1,NG_063108.1,0.11979084063686314
475,NG_062443.1,NG_061300.1,0.09321505000746702
476,NG_062443.1,NG_062443.1,0.17617854994032794
477,NG_062443.1,NG_062443.1,0.2705492085558359
478,NG_062443.1,NG_065803.1,0.1466058067993719
479,NG_062443.1,NG_063101.1,0.0708442090840931
480,NG_062443.1,NG_062443.1,0.09812563464170705
481,NG_062443.1,NG_062444.1,0.1204825660790652
482,NG_062443.1,NG_062444.1,0.13782141596990358
483,NG_062443.1,NG_070799.1,0.13486011458321345
484,NG_062443.1,NG_062444.1,0.10980611639137419
485,NG_062443.1,NG_062443.1,0.4269765956265109
486,NG_062443.1,NG_062443.1,0.1693581489268452
487,NG_062443.1,NG_063105.1,0.34439773748722974
488,NG_062443.1,NG_062443.1,0.12574355380614888
489,NG_062443.1,NG_070799.1,0.11543465800315754
490,NG_062443.1,NG_065803.1,0.4777863269430628
491,NG_062443.1,NG_062444.1,0.10289114622161817
492,NG_062443.1,NG_062443.1,0.13821714259617993
493,NG_062443.1,NG_065803.1,0.12332591370771959
494,NG_062443.1,NG_070799.1,0.1761080851469517
495,NG_062443.1,NG_062443.1,0.18253793623397682
496,NG_062443.1,NG_062443.1,0.23784502384725095
497,NG_062443.1,NG_065803.1,0.15709700559840636
498,NG_062443.1,NG_062443.1,0.12889793012627626
499,NG_062443.1,NG_065159.1,0.070425522842203
500,NG_062140.1,NG_062140.1,0.9046478168720617
501,NG_062140.1,NG_063524.1,0.058625370364666494
502,NG_062140.1,NG_063524.1,0.08480477305615687
503,NG_062140.1,NG_062140.1,0.38537813260511966
504,NG_062140.1,NG_062140.1,0.8363984150221284
505,NG_062140.1,NG_062140.1,0.44601216379938396
506,NG_062140.1,NG_062140.1,0.8052323134939524
507,NG_062140.1,NG_061040.1,0.37728650690133786
508,NG_062140.1,NG_062140.1,0.9236288633105182
509,NG_062140.1,NG_062140.1,0.8781220318597583
510,NG_062140.1,NG_063524.1,0.26739431764122945
511,NG_062140.1,NG_062140.1,0.07121045518982258
512,NG_062140.1,NG_062140.1,0.8795655565246586
513,NG_062140.1,NG_062140.1,0.372743229238326
514,NG_062140.1,NG_062140.1,0.7482669450703919
515,NG_062140.1,NG_061036.1,0.6656599898569273
516,NG_062140.1,NG_063530.1,0.12911884266033186
517,NG_062140.1,NG_062140.1,0.9139058145697891
518,NG_062140.1,NG_061036.1,0.25849909511513686
519,NG_062140.1,NG_062140.1,0.838728025971041
520,NG_062140.1,NG_063530.1,0.09699957550492429
521,NG_062140.1,NG_062140.1,0.7478250580987311
522,NG_062140.1,NG_063524.1,0.2072967772891807
523,NG_062140.1,NG_063524.1,0.05329502887276444
524,NG_062140.1,NG_062140.1,0.19152199776168669
525,NG_062140.1,NG_062140.1,0.9227471722267302
526,NG_062140.1,NG_062140.1,0.18018931181063244
527,NG_062140.1,NG_061036.1,0.066569158100444
528,NG_062140.1,NG_062140.1,0.894827113984707
529,NG_062140.1,NG_062140.1,0.13809619149478716
530,NG_062140.1,NG_062140.1,0.83059329552684
531,NG_062140.1,NG_062140.1,0.931347527269425
532,NG_062140.1,NG_062140.1,0.8542206303010926
533,NG_062140.1,NG_061036.1,0.3924298699381208
534,NG_062140.1,NG_062140.1,0.7171157022641209
535,NG_062140.1,NG_063530.1,0.07195889442485291
536,NG_062140.1,NG_063532.1,0.14706686146520856
537,NG_062140.1,NG_062140.1,0.3273937485952713
538,NG_062140.1,NG_062140.1,0.20824202258078894
539,NG_062140.1,NG_063521.1,0.18951447805540134
540,NG_062140.1,NG_062140.1,0.8450493911277478
541,NG_062140.1,NG_063524.1,0.12446552064039101
542,NG_062140.1,NG_063521.1,0.15356446032656912
543,NG_062140.1,NG_061036.1,0.0876162496421258
544,NG_062140.1,NG_062140.1,0.9225883454682955
545,NG_062140.1,NG_062140.1,0.3255361717001961
546,NG_062140.1,NG_062140.1,0.9202499907274864
547,NG_062140.1,NG_063521.1,0.18415305794358652
548,NG_062140.1,NG_061040.1,0.05438187570839138
549,NG_062140.1,NG_063532.1,0.11749950593782055
550,NG_063521.1,NG_062140.1,0.1355527716655002
551,NG_063521.1,NG_063521.1,0.794908464413666
552,NG_063521.1,NG_063521.1,0.1683185307316122
553,NG_063521.1,NG_061036.1,0.1145717068782677
554,NG_063521.1,NG_063521.1,0.6208195149159663
555,NG_063521.1,NG_063521.1,0.8738122412254375
556,NG_063521.1,NG_063521.1,0.19260319713500013
557,NG_063521.1,NG_065802.1,0.09102889021165628
558,NG_063521.1,NG_063532.1,0.07380810896381718
559,NG_063521.1,NG_063521.1,0.6963507127713225
560,NG_063521.1,NG_063521.1,0.05672654823515625
561,NG_063521.1,NG_063521.1,0.17621236267549356
562,NG_063521.1,NG_063531.1,0.18876447290246207
563,NG_063521.1,NG_063521.1,0.8593018949763109
564,NG_063521.1,NG_063521.1,0.7755817854644551
565,NG_063521.1,NG_063521.1,0.86666273255808
566,NG_063521.1,NG_061036.1,0.20140914934720977
567,NG_063521.1,NG_063521.1,0.138254591784788
568,NG_063521.1,NG_063521.1,0.8938447878650828
569,NG_063521.1,NG_063521.1,0.87781542464866
570,NG_063521.1,NG_063521.1,0.2701131553937344
571,NG_063521.1,NG_063521.1,0.30923164392218383
572,NG_063521.1,NG_063521.1,0.16694029616503644
573,NG_063521.1,NG_063521.1,0.7222441996508582
574,NG_063521.1,NG_063521.1,0.8740937166369435
575,NG_063521.1,NG_063521.1,0.47981795300674795
576,NG_063521.1,NG_063521.1,0.4215459162724521
577,NG_063521.1,NG_063532.1,0.22168226001480817
578,NG_063521.1,NG_063521.1,0.11439030553651026
579,NG_063521.1,NG_063521.1,0.6808124065188886
580,NG_063521.1,NG_063521.1,0.040585782751524024
581,NG_063521.1,NG_063102.1,0.03810372573770512
582,NG_063521.1,NG_063521.1,0.8763047392713335
583,NG_063521.1,NG_063521.1,0.8298782398563861
584,NG_063521.1,NG_063521.1,0.1718142064587176
585,NG_063521.1,NG_061036.1,0.5312743538023723
586,NG_063521.1,NG_063524.1,0.11985701026452716
587,NG_063521.1,NG_061036.1,0.15357204180752915
588,NG_063521.1,NG_062140.1,0.31794903015908677
589,NG_063521.1,NG_061036.1,0.22131000012507723
590,NG_063521.1,NG_063521.1,0.8155688120000564
591,NG_063521.1,NG_063521.1,0.8029692834649611
592,NG_063521.1,NG_063524.1,0.10492679042268513
593,NG_063521.1,NG_063521.1,0.21710397085144528
594,NG_063521.1,NG_062140.1,0.08878516614351803
595,NG_063521.1,NG_063521.1,0.6480015878519647
596,NG_063521.1,NG_063532.1,0.5060024021339486
597,NG_063521.1,NG_063521.1,0.8808049684209113
598,NG_063521.1,NG_063532.1,0.22861613610417605
599,NG_063521.1,NG_063521.1,0.1700920834820755
600,NG_063522.1,NG_063524.1,0.15888702015916967
601,NG_063522.1,NG_061040.1,0.20624315421292427
602,NG_063522.1,NG_061040.1,0.2775765266404423
603,NG_063522.1,NG_063522.1,0.15730690060776276
604,NG_063522.1,NG_063524.1,0.43404853872732485
605,NG_063522.1,NG_063524.1,0.06330528096850396
606,NG_063522.1,NG_061040.1,0.2706691357888267
607,NG_063522.1,NG_061036.1,0.31113021772636407
608,NG_063522.1,NG_061040.1,0.5118772175151737
609,NG_063522.1,NG_063532.1,0.06743823287468277
610,NG_063522.1,NG_063522.1,0.2876723366978251
611,NG_063522.1,NG_063530.1,0.7407808942801726
612,NG_063522.1,NG_063530.1,0.2511332000378114
613,NG_063522.1,NG_063522.1,0.37216682193857453
614,NG_063522.1,NG_063531.1,0.17159376756119776
615,NG_063522.1,NG_063529.1,0.36370498082793123
616,NG_063522.1,NG_063522.1,0.4458098489769536
617,NG_063522.1,NG_070788.1,0.09103470482329684
618,NG_063522.1,NG_061036.1,0.13942873579559129
619,NG_063522.1,NG_063522.1,0.17361462003446795
620,NG_063522.1,NG_063522.1,0.09495817486650379
621,NG_063522.1,NG_063522.1,0.4006147054146172
622,NG_063522.1,NG_061040.1,0.06689127930846418
623,NG_063522.1,NG_063530.1,0.21763730030362066
624,NG_063522.1,NG_063522.1,0.5045092379840629
625,NG_063522.1,NG_063530.1,0.6383601019822213
626,NG_063522.1,NG_063522.1,0.5208584791852655
627,NG_063522.1,NG_063530.1,0.2519680572936741
628,NG_063522.1,NG_063530.1,0.793107797855749
629,NG_063522.1,NG_061040.1,0.604940416667033
630,NG_063522.1,NG_063522.1,0.23093361896388162
631,NG_063522.1,NG_061036.1,0.06673641399194741
632,NG_063522.1,NG_063522.1,0.3481206116541769
633,NG_063522.1,NG_063530.1,0.23171327315965967
634,NG_063522.1,NG_061036.1,0.062473032901036125
635,NG_063522.1,NG_063529.1,0.12175507214897643
636,NG_063522.1,NG_063532.1,0.2493144163919488
637,NG_063522.1,NG_063522.1,0.5221354547465038
638,NG_063522.1,NG_063522.1,0.29896656908786035
639,NG_063522.1,NG_063530.1,0.17635763921742018
640,NG_063522.1,NG_063522.1,0.5569915111636691
641,NG_063522.1,NG_063522.1,0.4709064695233305
642,NG_063522.1,NG_063530.1,0.15864843610646623
643,NG_063522.1,NG_063522.1,0.4914126266391221
644,NG_063522.1,NG_061040.1,0.1487642414773814
645,NG_063522.1,NG_063522.1,0.15128318392083276
646,NG_063522.1,NG_061036.1,0.10083055120274442
647,NG_063522.1,NG_063530.1,0.615375180127178
648,NG_063522.1,NG_063522.1,0.3567988485870368
649,NG_063522.1,NG_063530.1,0.6601498511702922
650,NG_063524.1,NG_061040.1,0.5633684755590408
651,NG_063524.1,NG_063531.1,0.3262418602695921
652,NG_063524.1,NG_063521.1,0.20035024154312442
653,NG_063524.1,NG_061040.1,0.2288766607084618
654,NG_063524.1,NG_063524.1,0.2827030354807522
655,NG_063524.1,NG_063530.1,0.28155872044780467
656,NG_063524.1,NG_063521.1,0.39156082929023933
657,NG_063524.1,NG_063522.1,0.5017779799301383
658,NG_063524.1,NG_063532.1,0.48192334847837537
659,NG_063524.1,NG_063524.1,0.09251138228039114
660,NG_063524.1,NG_061037.1,0.06696141702152042
661,NG_063524.1,NG_063529.1,0.04874260789656238
662,NG_063524.1,NG_063531.1,0.1328946362123556
663,NG_063524.1,NG_063524.1,0.4441325362789814
664,NG_063524.1,NG_063524.1,0.7995637373317878
665,NG_063524.1,NG_063524.1,0.7314170892853191
666,NG_063524.1,NG_063522.1,0.10619351106149258
667,NG_063524.1,NG_061040.1,0.10058108636097825
668,NG_063524.1,NG_063524.1,0.07960590121879049
669,NG_063524.1,NG_063521.1,0.3685076765740175
670,NG_063524.1,NG_063524.1,0.6893297288280801
671,NG_063524.1,NG_063524.1,0.27948449879759435
672,NG_063524.1,NG_063524.1,0.7603130478095792
673,NG_063524.1,NG_063524.1,0.3679822654655176
674,NG_063524.1,NG_063524.1,0.49900410706510073
675,NG_063524.1,NG_061040.1,0.17562379606137518
676,NG_063524.1,NG_063532.1,0.15197123716589755
677,NG_063524.1,NG_063524.1,0.6627010943459757
678,NG_063524.1,NG_063530.1,0.16879012214658443
679,NG_063524.1,NG_061040.1,0.17562379606137518
680,NG_063524.1,NG_063524.1,0.08646356832268597
681,NG_063524.1,NG_063522.1,0.15638411938639618
682,NG_063524.1,NG_063104.1,0.06392460145881464
683,NG_063524.1,NG_063524.1,0.1711622263859988
684,NG_063524.1,NG_063524.1,0.06106855078309102
685,NG_063524.1,NG_061034.1,0.10171918727300032
686,NG_063524.1,NG_063529.1,0.1670343909702921
687,NG_063524.1,NG_062140.1,0.1016340644430365
688,NG_063524.1,NG_063524.1,0.8135049018723192
689,NG_063524.1,NG_063524.1,0.7380455331894908
690,NG_063524.1,NG_063524.1,0.14199521778791474
691,NG_063524.1,NG_063531.1,0.5538540716508679
692,NG_063524.1,NG_063524.1,0.15323181145723158
693,NG_063524.1,NG_063530.1,0.17199685121259853
694,NG_063524.1,NG_061036.1,0.09913044454515726
695,NG_063524.1,NG_063524.1,0.1291951370946117
696,NG_063524.1,NG_063524.1,0.10551474827818545
697,NG_063524.1,NG_063524.1,0.7804769249935143
698,NG_063524.1,NG_062140.1,0.22404030889842455
699,NG_063524.1,NG_063524.1,0.6846483054987405
700,NG_061034.1,NG_062141.1,0.2508351964225228
701,NG_061034.1,NG_061034.1,0.1474102672102753
702,NG_061034.1,NG_062141.1,0.5627784106912992
703,NG_061034.1,NG_063107.1,0.04947091865354871
704,NG_061034.1,NG_061034.1,0.15810321755445583
705,NG_061034.1,NG_061034.1,0.6395334024948828
706,NG_061034.1,NG_061036.1,0.2758431245524862
707,NG_061034.1,NG_062141.1,0.6017921617550277
708,NG_061034.1,NG_063524.1,0.10665067140261467
709,NG_061034.1,NG_061034.1,0.541121836058217
710,NG_061034.1,NG_062141.1,0.667820630500655
711,NG_061034.1,NG_063524.1,0.14375931819923335
712,NG_061034.1,NG_062141.1,0.5463716953831558
713,NG_061034.1,NG_061034.1,0.3977193972183663
714,NG_061034.1,NG_061036.1,0.06617915926128976
715,NG_061034.1,NG_061034.1,0.5613406362262041
716,NG_061034.1,NG_061034.1,0.5238037580083005
717,NG_061034.1,NG_062141.1,0.2002561998755563
718,NG_061034.1,NG_061034.1,0.6000940364404301
719,NG_061034.1,NG_062141.1,0.5710977227739121
720,NG_061034.1,NG_062141.1,0.2513526557505733
721,NG_061034.1,NG_062141.1,0.1225801483282663
722,NG_061034.1,NG_061034.1,0.6233481806853536
723,NG_061034.1,NG_062141.1,0.3063264411438429
724,NG_061034.1,NG_061034.1,0.5840359113184125
725,NG_061034.1,NG_061034.1,0.2630604808512737
726,NG_061034.1,NG_061034.1,0.49780874615058224
727,NG_061034.1,NG_061034.1,0.5374197768552481
728,NG_061034.1,NG_062141.1,0.18557270537037693
729,NG_061034.1,NG_062141.1,0.6068124460178931
730,NG_061034.1,NG_062141.1,0.5097647707847709
731,NG_061034.1,NG_061034.1,0.23969782487953875
732,NG_061034.1,NG_061040.1,0.09314111492215583
733,NG_061034.1,NG_061034.1,0.10517062361211624
734,NG_061034.1,NG_061034.1,0.6242426954187156
735,NG_061034.1,NG_065154.1,0.045977012403559996
736,NG_061034.1,NG_061034.1,0.42942568194807434
737,NG_061034.1,NG_061034.1,0.546922124166615
738,NG_061034.1,NG_061034.1,0.04721486168490403
739,NG_061034.1,NG_062141.1,0.20835101899999622
740,NG_061034.1,NG_061034.1,0.3109217337060841
741,NG_061034.1,NG_061034.1,0.09666115343169222
742,NG_061034.1,NG_061034.1,0.3909639085404907
743,NG_061034.1,NG_062141.1,0.6564828861483789
744,NG_061034.1,NG_062141.1,0.25464133152894797
745,NG_061034.1,NG_061034.1,0.27999262921156304
746,NG_061034.1,NG_061034.1,0.055563607335943
747,NG_061034.1,NG_062141.1,0.22080672198900186
748,NG_061034.1,NG_061034.1,0.15735016314359646
749,NG_061034.1,NG_061034.1,0.5782159450707322
750,NG_062141.1,NG_061034.1,0.09986613639269308
751,NG_062141.1,NG_061034.1,0.4824979615758399
752,NG_062141.1,NG_062141.1,0.13108935740773087
753,NG_062141.1,NG_062141.1,0.23084317344478025
754,NG_062141.1,NG_062141.1,0.5298280610576286
755,NG_062141.1,NG_061034.1,0.48870764314381343
756,NG_062141.1,NG_062141.1,0.681856058469296
757,NG_062141.1,NG_063531.1,0.10114656490125777
758,NG_062141.1,NG_061036.1,0.1050465986620268
759,NG_062141.1,NG_061034.1,0.5903554996528476
760,NG_062141.1,NG_062141.1,0.4662413186514571
761,NG_062141.1,NG_062141.1,0.6676061275082548
762,NG_062141.1,NG_062141.1,0.6786943239942358
763,NG_062141.1,NG_062141.1,0.6562580832318217
764,NG_062141.1,NG_062141.1,0.23887870787100163
765,NG_062141.1,NG_062141.1,0.2083475148151783
766,NG_062141.1,NG_062141.1,0.6285625302085535
767,NG_062141.1,NG_061034.1,0.5644980178358743
768,NG_062141.1,NG_061034.1,0.22194574658803104
769,NG_062141.1,NG_062141.1,0.07742065755506791
770,NG_062141.1,NG_063531.1,0.12851296245717653
771,NG_062141.1,NG_062141.1,0.5475330137840848
772,NG_062141.1,NG_062141.1,0.5389753308738895
773,NG_062141.1,NG_063524.1,0.043161611683634075
774,NG_062141.1,NG_061034.1,0.38507808610804833
775,NG_062141.1,NG_062141.1,0.6360132978674765
776,NG_062141.1,NG_062141.1,0.1682169769967043
777,NG_062141.1,NG_061034.1,0.09710373507690767
778,NG_062141.1,NG_062141.1,0.6825245107551194
779,NG_062141.1,NG_062141.1,0.28041136094989866
780,NG_062141.1,NG_061034.1,0.43767407104635814
781,NG_062141.1,NG_062141.1,0.6866474460884752
782,NG_062141.1,NG_062141.1,0.07786670313433389
783,NG_062141.1,NG_061034.1,0.20338018785986456
784,NG_062141.1,NG_062141.1,0.28104808679978993
785,NG_062141.1,NG_062141.1,0.30658057442514125
786,NG_062141.1,NG_062141.1,0.06966009855319888
787,NG_062141.1,NG_061034.1,0.6326493295112061
788,NG_062141.1,NG_062141.1,0.5326123594343517
789,NG_062141.1,NG_061034.1,0.20040528122088047
790,NG_062141.1,NG_061034.1,0.31059746523044396
791,NG_062141.1,NG_062141.1,0.5626226697612311
792,NG_062141.1,NG_061034.1,0.5588134911974951
793,NG_062141.1,NG_062141.1,0.3666129662329777
794,NG_062141.1,NG_062141.1,0.474989048342449
795,NG_062141.1,NG_062141.1,0.33334371641956
796,NG_062141.1,NG_061034.1,0.43049682907827175
797,NG_062141.1,NG_062141.1,0.5378683337256837
798,NG_062141.1,NG_062141.1,0.4520851543438653
799,NG_062141.1,NG_062141.1,0.6228482133018727
800,NG_063101.1,NG_063101.1,0.8273118773828532
801,NG_063101.1,NG_063101.1,0.6120610600589657
802,NG_063101.1,NG_065802.1,0.08935713488725373
803,NG_063101.1,NG_063101.1,0.7375637150372472
804,NG_063101.1,NG_065802.1,0.23730776206649437
805,NG_063101.1,NG_063101.1,0.3406994293192972
806,NG_063101.1,NG_063102.1,0.6823777504493131
807,NG_063101.1,NG_061105.1,0.06942521632569787
808,NG_063101.1,NG_065157.1,0.12789903645981304
809,NG_063101.1,NG_063101.1,0.7077129119467271
810,NG_063101.1,NG_063101.1,0.29786582833918807
811,NG_063101.1,NG_063101.1,0.06450320483684575
812,NG_063101.1,NG_065153.1,0.133818528511066
813,NG_063101.1,NG_063101.1,0.702591453683748
814,NG_063101.1,NG_063101.1,0.37647882109854064
815,NG_063101.1,NG_065802.1,0.2871600182889579
816,NG_063101.1,NG_065802.1,0.30055321886236924
817,NG_063101.1,NG_063101.1,0.4903724676893798
818,NG_063101.1,NG_063101.1,0.8578799709393281
819,NG_063101.1,NG_063101.1,0.7434916177549983
820,NG_063101.1,NG_063101.1,0.6278558820670345
821,NG_063101.1,NG_063101.1,0.18147812013243325
822,NG_063101.1,NG_063101.1,0.7743402788162257
823,NG_063101.1,NG_065802.1,0.2814263824315799
824,NG_063101.1,NG_063101.1,0.8404298075563313
825,NG_063101.1,NG_063101.1,0.8355899646445483
826,NG_063101.1,NG_063102.1,0.23348618749894945
827,NG_063101.1,NG_065802.1,0.8524884998367094
828,NG_063101.1,NG_063101.1,0.8437438874543463
829,NG_063101.1,NG_063101.1,0.7139267537723364
830,NG_063101.1,NG_063102.1,0.7176300491700671
831,NG_063101.1,NG_063101.1,0.5294520055036904
832,NG_063101.1,NG_063101.1,0.8148944981119997
833,NG_063101.1,NG_063101.1,0.5802527848340601
834,NG_063101.1,NG_063102.1,0.3793452717345093
835,NG_063101.1,NG_063101.1,0.08954647138052531
836,NG_063101.1,NG_065802.1,0.10418538293619942
837,NG_063101.1,NG_063101.1,0.5383827586000342
838,NG_063101.1,NG_063101.1,0.686442889718046
839,NG_063101.1,NG_063101.1,0.6306401600703777
840,NG_063101.1,NG_065802.1,0.45640693410149363
841,NG_063101.1,NG_063101.1,0.8282088495930485
842,NG_063101.1,NG_063101.1,0.6865478945398639
843,NG_063101.1,NG_063110.1,0.3383378052831061
844,NG_063101.1,NG_063101.1,0.3084526511937321
845,NG_063101.1,NG_063102.1,0.8687811690892111
846,NG_063101.1,NG_063101.1,0.060663792554753036
847,NG_063101.1,NG_063101.1,0.598395996365267
848,NG_063101.1,NG_063101.1,0.7990009481882269
849,NG_063101.1,NG_063101.1,0.20061113556236715
850,NG_063102.1,NG_063102.1,0.876405657548535
851,NG_063102.1,NG_063102.1,0.10105274478854766
852,NG_063102.1,NG_063102.1,0.7001177378824592
853,NG_063102.1,NG_063102.1,0.6893054681286414
854,NG_063102.1,NG_063102.1,0.8786527357580588
855,NG_063102.1,NG_063102.1,0.8967018488896111
856,NG_063102.1,NG_063102.1,0.8606858903648371
857,NG_063102.1,NG_063102.1,0.07835930707296201
858,NG_063102.1,NG_065802.1,0.1267011326248046
859,NG_063102.1,NG_061105.1,0.06863262487530858
860,NG_063102.1,NG_063102.1,0.1700024622123341
861,NG_063102.1,NG_063102.1,0.8296879700368175
862,NG_063102.1,NG_063102.1,0.10346675700779605
863,NG_063102.1,NG_063102.1,0.5095373048378375
864,NG_063102.1,NG_063101.1,0.4517176508597541
865,NG_063102.1,NG_061105.1,0.10802424441664601
866,NG_063102.1,NG_063110.1,0.30313802482849783
867,NG_063102.1,NG_063101.1,0.05227027148989453
868,NG_063102.1,NG_065153.1,0.11620071560672139
869,NG_063102.1,NG_065154.1,0.12759302258473182
870,NG_063102.1,NG_063102.1,0.8163946948688827
871,NG_063102.1,NG_063102.1,0.893237302795407
872,NG_063102.1,NG_065802.1,0.356326067990037
873,NG_063102.1,NG_063530.1,0.0895653973300271
874,NG_063102.1,NG_063102.1,0.7370177533453477
875,NG_063102.1,NG_061105.1,0.06421248309114991
876,NG_063102.1,NG_063101.1,0.3466753876413624
877,NG_063102.1,NG_065802.1,0.21523101241045922
878,NG_063102.1,NG_063101.1,0.7780654584375571
879,NG_063102.1,NG_063102.1,0.8435636828818295
880,NG_063102.1,NG_063102.1,0.4089813390279193
881,NG_063102.1,NG_065802.1,0.25657331074514295
882,NG_063102.1,NG_063102.1,0.8665023021198252
883,NG_063102.1,NG_063102.1,0.1734328350742175
884,NG_063102.1,NG_063102.1,0.26713007376638154
885,NG_063102.1,NG_063102.1,0.5081445171730686
886,NG_063102.1,NG_065802.1,0.202592985959456
887,NG_063102.1,NG_065154.1,0.05986134199702711
888,NG_063102.1,NG_063102.1,0.6976564541826251
889,NG_063102.1,NG_063102.1,0.8921515867680351
890,NG_063102.1,NG_063102.1,0.783416383052464
891,NG_063102.1,NG_063102.1,0.06449864687197485
892,NG_063102.1,NG_063102.1,0.2182456657477752
893,NG_063102.1,NG_063102.1,0.47209813784802956
894,NG_063102.1,NG_063102.1,0.4223370086533462
895,NG_063102.1,NG_065802.1,0.0461913820706737
896,NG_063102.1,NG_065153.1,0.09680589080369911
897,NG_063102.1,NG_063101.1,0.4665231913236521
898,NG_063102.1,NG_063102.1,0.8230548094478607
899,NG_063102.1,NG_061105.1,0.2631105527864499
900,NG_065802.1,NG_063101.1,0.222509874243131
901,NG_065802.1,NG_061037.1,0.08017837855244178
902,NG_065802.1,NG_065802.1,0.822754122346213
903,NG_065802.1,NG_061105.1,0.09848918751494412
904,NG_065802.1,NG_061036.1,0.04527201764240429
905,NG_065802.1,NG_065802.1,0.6543482169486147
906,NG_065802.1,NG_065802.1,0.11552661584369074
907,NG_065802.1,NG_065153.1,0.060793038703550045
908,NG_065802.1,NG_065802.1,0.13316096678003078
909,NG_065802.1,NG_065802.1,0.8803954576309252
910,NG_065802.1,NG_061036.1,0.05259146706030703
911,NG_065802.1,NG_065802.1,0.547502190319196
912,NG_065802.1,NG_065802.1,0.8966231305926184
913,NG_065802.1,NG_065802.1,0.5080070769205476
914,NG_065802.1,NG_063101.1,0.7691410033003224
915,NG_065802.1,NG_065802.1,0.09043243540472638
916,NG_065802.1,NG_063101.1,0.8408332064295427
917,NG_065802.1,NG_065802.1,0.2122614314732598
918,NG_065802.1,NG_065802.1,0.8260344198253978
919,NG_065802.1,NG_065802.1,0.3896497644970296
920,NG_065802.1,NG_063101.1,0.3334020024257218
921,NG_065802.1,NG_065802.1,0.710871280807217
922,NG_065802.1,NG_065802.1,0.3120007207340744
923,NG_065802.1,NG_065153.1,0.04914323806415281
924,NG_065802.1,NG_063102.1,0.3793764268055843
925,NG_065802.1,NG_065153.1,0.12445035072749269
926,NG_065802.1,NG_065802.1,0.23225534255718708
927,NG_065802.1,NG_065802.1,0.564436716541327
928,NG_065802.1,NG_063101.1,0.7996845142940701
929,NG_065802.1,NG_065802.1,0.055285846366963196
930,NG_065802.1,NG_065802.1,0.3295869935291601
931,NG_065802.1,NG_065802.1,0.8864392375429009
932,NG_065802.1,NG_063102.1,0.2002262995163626
933,NG_065802.1,NG_065802.1,0.885022862095048
934,NG_065802.1,NG_065802.1,0.17943319731500326
935,NG_065802.1,NG_065802.1,0.16932230829317785
936,NG_065802.1,NG_063102.1,0.42988728725941355
937,NG_065802.1,NG_065802.1,0.7293153028804612
938,NG_065802.1,NG_065802.1,0.7739548749029685
939,NG_065802.1,NG_063102.1,0.6363197633826929
940,NG_065802.1,NG_063102.1,0.08897976245341871
941,NG_065802.1,NG_065802.1,0.5728200214314613
942,NG_065802.1,NG_065802.1,0.8502626404931453
943,NG_065802.1,NG_065802.1,0.9005111271764181
944,NG_065802.1,NG_063101.1,0.07645948948672901
945,NG_065802.1,NG_065154.1,0.29912399655856253
946,NG_065802.1,NG_065802.1,0.8350205597093177
947,NG_065802.1,NG_065802.1,0.057106538367248286
948,NG_065802.1,NG_065802.1,0.7519029269454074
949,NG_065802.1,NG_065802.1,0.8633078557115442
950,NG_065154.1,NG_065154.1,0.557299292112433
951,NG_065154.1,NG_065154.1,0.917121299788608
952,NG_065154.1,NG_065154.1,0.4560669869987516
953,NG_065154.1,NG_065154.1,0.13406956179318882
954,NG_065154.1,NG_065154.1,0.31759068703219834
955,NG_065154.1,NG_063102.1,0.039863977320536884
956,NG_065154.1,NG_063110.1,0.2090869078671473
957,NG_065154.1,NG_063532.1,0.05521414713976048
958,NG_065154.1,NG_063110.1,0.3877235105763657
959,NG_065154.1,NG_061105.1,0.5036781565379462
960,NG_065154.1,NG_063110.1,0.3885970941730962
961,NG_065154.1,NG_065154.1,0.33251691353439683
962,NG_065154.1,NG_065154.1,0.8756078992111977
963,NG_065154.1,NG_061105.1,0.05823107549338653
964,NG_065154.1,NG_065154.1,0.9151579992480343
965,NG_065154.1,NG_061105.1,0.16645233711901297
966,NG_065154.1,NG_061105.1,0.49601406020768773
967,NG_065154.1,NG_065154.1,0.6666583679263829
968,NG_065154.1,NG_065154.1,0.062224217384126805
969,NG_065154.1,NG_065154.1,0.8298927349712342
970,NG_065154.1,NG_065154.1,0.9343740594483089
971,NG_065154.1,NG_065154.1,0.9500062405781481
972,NG_065154.1,NG_065154.1,0.34334590446183816
973,NG_065154.1,NG_065154.1,0.3310059935665791
974,NG_065154.1,NG_065154.1,0.497882123724519
975,NG_065154.1,NG_063110.1,0.7035187290421621
976,NG_065154.1,NG_065154.1,0.248660395253842
977,NG_065154.1,NG_065154.1,0.4832502690045015
978,NG_065154.1,NG_065154.1,0.23933690016717415
979,NG_065154.1,NG_065154.1,0.08499314256985414
980,NG_065154.1,NG_065153.1,0.14717075314578526
981,NG_065154.1,NG_065154.1,0.28860324144400445
982,NG_065154.1,NG_065154.1,0.16818905485508936
983,NG_065154.1,NG_065154.1,0.9277671495885433
984,NG_065154.1,NG_065154.1,0.5586961705494761
985,NG_065154.1,NG_063110.1,0.6979781791831116
986,NG_065154.1,NG_065157.1,0.04152127332036556
987,NG_065154.1,NG_065154.1,0.6323900295689322
988,NG_065154.1,NG_065154.1,0.6902289431437898
989,NG_065154.1,NG_065154.1,0.7303209449467012
990,NG_065154.1,NG_065154.1,0.56290230373133
991,NG_065154.1,NG_061105.1,0.06674548414770191
992,NG_065154.1,NG_065154.1,0.3038684607445814
993,NG_065154.1,NG_063110.1,0.5351312290078725
994,NG_065154.1,NG_065154.1,0.9068948000975428
995,NG_065154.1,NG_065153.1,0.20438642448977562
996,NG_065154.1,NG_061105.1,0.09276279924026135
997,NG_065154.1,NG_065153.1,0.06916283948033054
998,NG_065154.1,NG_065154.1,0.9161801336897193
999,NG_065154.1,NG_065154.1,0.5714911648997297
1000,NG_065157.1,NG_065157.1,0.17695052160858296
1001,NG_065157.1,NG_061036.1,0.04284736258324289
1002,NG_065157.1,NG_065157.1,0.9766931419279222
1003,NG_065157.1,NG_065157.1,0.971206633772814
1004,NG_065157.1,NG_065157.1,0.8231074652288926
1005,NG_065157.1,NG_063522.1,0.039455770433751224
1006,NG_065157.1,NG_065157.1,0.9412697656977016
1007,NG_065157.1,NG_065157.1,0.4413662368942588
1008,NG_065157.1,NG_065157.1,0.5885460568586091
1009,NG_065157.1,NG_061032.1,0.3121888569233415
1010,NG_065157.1,NG_061033.1,0.08168074094569377
1011,NG_065157.1,NG_065157.1,0.4320135000481342
1012,NG_065157.1,NG_061037.1,0.07607662872823501
1013,NG_065157.1,NG_065157.1,0.9023051970349266
1014,NG_065157.1,NG_070788.1,0.725268375014875
1015,NG_065157.1,NG_065157.1,0.9228353433976499
1016,NG_065157.1,NG_065157.1,0.9229441529036054
1017,NG_065157.1,NG_065157.1,0.06096268535168064
1018,NG_065157.1,NG_062141.1,0.13188308646911093
1019,NG_065157.1,NG_065157.1,0.3098301841457483
1020,NG_065157.1,NG_065157.1,0.9647296737211071
1021,NG_065157.1,NG_061033.1,0.28083688137214124
1022,NG_065157.1,NG_065157.1,0.9599906025902913
1023,NG_065157.1,NG_065157.1,0.9236938250840219
1024,NG_065157.1,NG_063105.1,0.07851506978765595
1025,NG_065157.1,NG_065157.1,0.9381853830348883
1026,NG_065157.1,NG_065157.1,0.526711883651956
1027,NG_065157.1,NG_065157.1,0.9769820294974312
1028,NG_065157.1,NG_065157.1,0.9615682249709379
1029,NG_065157.1,NG_065157.1,0.105248493031465
1030,NG_065157.1,NG_065157.1,0.9742069503885894
1031,NG_065157.1,NG_065157.1,0.9722709516259351
1032,NG_065157.1,NG_065157.1,0.9697280632807115
1033,NG_065157.1,NG_065157.1,0.9740279580268211
1034,NG_065157.1,NG_061032.1,0.07943882641105932
1035,NG_065157.1,NG_062141.1,0.09560707477949051
1036,NG_065157.1,NG_065157.1,0.9765608329482807
1037,NG_065157.1,NG_065157.1,0.5259207689567373
1038,NG_065157.1,NG_065157.1,0.9645421472323902
1039,NG_065157.1,NG_065157.1,0.9737754450008211
1040,NG_065157.1,NG_061037.1,0.06306277809978242
1041,NG_065157.1,NG_063524.1,0.04706968263071286
1042,NG_065157.1,NG_065157.1,0.7961372508669043
1043,NG_065157.1,NG_065157.1,0.9533700426470505
1044,NG_065157.1,NG_070788.1,0.05237697573063405
1045,NG_065157.1,NG_065157.1,0.9341718289565483
1046,NG_065157.1,NG_065157.1,0.9744070400002005
1047,NG_065157.1,NG_065157.1,0.7887514584218365
1048,NG_065157.1,NG_065157.1,0.9742647143626687
1049,NG_065157.1,NG_062141.1,0.05201317978032994
1050,NG_065803.1,NG_065158.1,0.3539832626580892
1051,NG_065803.1,NG_065803.1,0.42696991814599633
1052,NG_065803.1,NG_062443.1,0.44834072411084464
1053,NG_065803.1,NG_065803.1,0.15774601862426604
1054,NG_065803.1,NG_062443.1,0.11736757949579216
1055,NG_065803.1,NG_062443.1,0.4255817026253987
1056,NG_065803.1,NG_062443.1,0.43967059522412977
1057,NG_065803.1,NG_062444.1,0.0918591842337161
1058,NG_065803.1,NG_065158.1,0.32974667001356167
1059,NG_065803.1,NG_065803.1,0.4608923223341671
1060,NG_065803.1,NG_065803.1,0.1833486469317934
1061,NG_065803.1,NG_065155.1,0.10521036979181868
1062,NG_065803.1,NG_065158.1,0.43706737801859447
1063,NG_065803.1,NG_065803.1,0.5029714606075275
1064,NG_065803.1,NG_062444.1,0.23243188304685972
1065,NG_065803.1,NG_065158.1,0.06386593080675994
1066,NG_065803.1,NG_065155.1,0.5487650171725372
1067,NG_065803.1,NG_063108.1,0.2555961439759683
1068,NG_065803.1,NG_065158.1,0.09781422564558429
1069,NG_065803.1,NG_065158.1,0.06405322447519088
1070,NG_065803.1,NG_062442.1,0.11000600607776967
1071,NG_065803.1,NG_063104.1,0.070661299180688
1072,NG_065803.1,NG_065803.1,0.397424023253463
1073,NG_065803.1,NG_065803.1,0.17758858102931763
1074,NG_065803.1,NG_070799.1,0.21459253506846127
1075,NG_065803.1,NG_061300.1,0.39275523558949815
1076,NG_065803.1,NG_065155.1,0.1893613237559231
1077,NG_065803.1,NG_063107.1,0.1411966766518026
1078,NG_065803.1,NG_065803.1,0.4484780303256573
1079,NG_065803.1,NG_062442.1,0.06351448269607436
1080,NG_065803.1,NG_065803.1,0.09024324647062153
1081,NG_065803.1,NG_065158.1,0.26503469958148484
1082,NG_065803.1,NG_065803.1,0.5334206842120736
1083,NG_065803.1,NG_065803.1,0.24500523224976722
1084,NG_065803.1,NG_062444.1,0.22819710307420113
1085,NG_065803.1,NG_065803.1,0.06830917004527899
1086,NG_065803.1,NG_062443.1,0.40068751601009217
1087,NG_065803.1,NG_063108.1,0.09027372836229128
1088,NG_065803.1,NG_065803.1,0.169672700608765
1089,NG_065803.1,NG_065158.1,0.49019373783335257
1090,NG_065803.1,NG_065803.1,0.16051919853990254
1091,NG_065803.1,NG_065803.1,0.31932200569738683
1092,NG_065803.1,NG_065803.1,0.1818896435399333
1093,NG_065803.1,NG_065803.1,0.17596380284395907
1094,NG_065803.1,NG_065158.1,0.3633566318676646
1095,NG_065803.1,NG_065155.1,0.6191584415657532
1096,NG_065803.1,NG_061036.1,0.07684771476823164
1097,NG_065803.1,NG_065159.1,0.04704193722900829
1098,NG_065803.1,NG_063104.1,0.08680304457746219
1099,NG_065803.1,NG_065158.1,0.3413635945996956
1100,NG_065158.1,NG_065158.1,0.07216604798033031
1101,NG_065158.1,NG_065156.1,0.09618238206543928
1102,NG_065158.1,NG_065155.1,0.24497575743461603
1103,NG_065158.1,NG_061300.1,0.36766768142939443
1104,NG_065158.1,NG_063105.1,0.12453920405403116
1105,NG_065158.1,NG_062444.1,0.06376408007586697
1106,NG_065158.1,NG_061300.1,0.09576565665648681
1107,NG_065158.1,NG_063104.1,0.07366767002281824
1108,NG_065158.1,NG_065155.1,0.049234338454652214
1109,NG_065158.1,NG_065158.1,0.35550034472335107
1110,NG_065158.1,NG_063108.1,0.058821489700046664
1111,NG_065158.1,NG_062442.1,0.1398037450555582
1112,NG_065158.1,NG_061300.1,0.08389320723324709
1113,NG_065158.1,NG_065158.1,0.3518184150226974
1114,NG_065158.1,NG_065158.1,0.11090485759796442
1115,NG_065158.1,NG_065156.1,0.06625578873112056
1116,NG_065158.1,NG_065158.1,0.16964757366474773
1117,NG_065158.1,NG_065803.1,0.19524361778712165
1118,NG_065158.1,NG_065158.1,0.5177526163553811
1119,NG_065158.1,NG_065158.1,0.20060166839766283
1120,NG_065158.1,NG_065158.1,0.08467953728382441
1121,NG_065158.1,NG_065158.1,0.5241657546976429
1122,NG_065158.1,NG_065803.1,0.24373208309810696
1123,NG_065158.1,NG_065803.1,0.1951601238328965
1124,NG_065158.1,NG_062442.1,0.057462433335772375
1125,NG_065158.1,NG_065158.1,0.536133656084764
1126,NG_065158.1,NG_065803.1,0.10059626377870191
1127,NG_065158.1,NG_061300.1,0.14162300264777974
1128,NG_065158.1,NG_065803.1,0.387629154725227
1129,NG_065158.1,NG_061036.1,0.08037937318623481
1130,NG_065158.1,NG_062444.1,0.24318256160366383
1131,NG_065158.1,NG_065803.1,0.23695272390172137
1132,NG_065158.1,NG_065155.1,0.5718859316787133
1133,NG_065158.1,NG_063104.1,0.04866491829392463
1134,NG_065158.1,NG_065159.1,0.08026221924886712
1135,NG_065158.1,NG_065803.1,0.17013266897682752
1136,NG_065158.1,NG_065803.1,0.44645774551316136
1137,NG_065158.1,NG_070799.1,0.1066205690823824
1138,NG_065158.1,NG_061300.1,0.09995433772229202
1139,NG_065158.1,NG_063107.1,0.11396812834247719
1140,NG_065158.1,NG_065803.1,0.0999008834224582
1141,NG_065158.1,NG_065158.1,0.4396355985799627
1142,NG_065158.1,NG_065155.1,0.690214594254547
1143,NG_065158.1,NG_065803.1,0.1231849670456177
1144,NG_065158.1,NG_065158.1,0.3080792823296904
1145,NG_065158.1,NG_065159.1,0.09679581384546058
1146,NG_065158.1,NG_063104.1,0.16516584140033624
1147,NG_065158.1,NG_065158.1,0.4652833883730564
1148,NG_065158.1,NG_065158.1,0.5253237282727035
1149,NG_065158.1,NG_065158.1,0.4752488066696638
1150,NG_062444.1,NG_070799.1,0.07308632809764508
1151,NG_062444.1,NG_062444.1,0.2485304343550175
1152,NG_062444.1,NG_065155.1,0.30691294048898965
1153,NG_062444.1,NG_062444.1,0.2350141079502978
1154,NG_062444.1,NG_070799.1,0.14996682655051788
1155,NG_062444.1,NG_062443.1,0.19345981561692976
1156,NG_062444.1,NG_070799.1,0.046704330532276184
1157,NG_062444.1,NG_063105.1,0.1562396124162661
1158,NG_062444.1,NG_061300.1,0.3098918169287534
1159,NG_062444.1,NG_070799.1,0.08819444626816517
1160,NG_062444.1,NG_062444.1,0.5413185535921208
1161,NG_062444.1,NG_063104.1,0.10078004891518638
1162,NG_062444.1,NG_062444.1,0.2749458172027008
1163,NG_062444.1,NG_062443.1,0.48730431760168175
1164,NG_062444.1,NG_063108.1,0.1070392253688221
1165,NG_062444.1,NG_070799.1,0.03589918624521798
1166,NG_062444.1,NG_065157.1,0.061150190616419
1167,NG_062444.1,NG_065803.1,0.29983063147635175
1168,NG_062444.1,NG_065803.1,0.06940961225558175
1169,NG_062444.1,NG_062444.1,0.4330586132118027
1170,NG_062444.1,NG_062444.1,0.49183184830033
1171,NG_062444.1,NG_063108.1,0.13787611751639745
1172,NG_062444.1,NG_061300.1,0.3294000358733218
1173,NG_062444.1,NG_062444.1,0.48278527716125813
1174,NG_062444.1,NG_063108.1,0.11590637198542082
1175,NG_062444.1,NG_062444.1,0.28218182677033166
1176,NG_062444.1,NG_062444.1,0.3774025604150861
1177,NG_062444.1,NG_063107.1,0.15144190264006072
1178,NG_062444.1,NG_062444.1,0.13956604859581245
1179,NG_062444.1,NG_062444.1,0.18133080423103576
1180,NG_062444.1,NG_062444.1,0.27812053923198915
1181,NG_062444.1,NG_062443.1,0.11170039490555074
1182,NG_062444.1,NG_062444.1,0.5409621271883991
1183,NG_062444.1,NG_062444.1,0.4984648032427877
1184,NG_062444.1,NG_070799.1,0.09167593701850311
1185,NG_062444.1,NG_062444.1,0.4889554005256527
1186,NG_062444.1,NG_062444.1,0.40993429451912844
1187,NG_062444.1,NG_062444.1,0.30122573488945276
1188,NG_062444.1,NG_062443.1,0.04909336050903655
1189,NG_062444.1,NG_063104.1,0.11400621224858684
1190,NG_062444.1,NG_062444.1,0.5480362644435902
1191,NG_062444.1,NG_063105.1,0.06901792221799896
1192,NG_062444.1,NG_062444.1,0.22591926531046744
1193,NG_062444.1,NG_062444.1,0.23460801875796827
1194,NG_062444.1,NG_062444.1,0.4489204123265209
1195,NG_062444.1,NG_061300.1,0.10174475676666807
1196,NG_062444.1,NG_063104.1,0.24804703635426087
1197,NG_062444.1,NG_062444.1,0.09254933811752902
1198,NG_062444.1,NG_062444.1,0.12130106443777165
1199,NG_062444.1,NG_070799.1,0.17178796881971264
1200,NG_070788.1,NG_061032.1,0.04539608400657342
1201,NG_070788.1,NG_070788.1,0.4614366821878959
1202,NG_070788.1,NG_070788.1,0.185512933663119
1203,NG_070788.1,NG_070788.1,0.9136931696893889
1204,NG_070788.1,NG_061032.1,0.3444145239339167
1205,NG_070788.1,NG_061032.1,0.87163882977399
1206,NG_070788.1,NG_070788.1,0.8954679111571502
1207,NG_070788.1,NG_062141.1,0.038674442709935364
1208,NG_070788.1,NG_061032.1,0.44802445628355253
1209,NG_070788.1,NG_065157.1,0.2269728911567766
1210,NG_070788.1,NG_070788.1,0.0819977305247829
1211,NG_070788.1,NG_070788.1,0.8724566695225283
1212,NG_070788.1,NG_070788.1,0.7122095403056243
1213,NG_070788.1,NG_070788.1,0.06439317386719924
1214,NG_070788.1,NG_061032.1,0.8632593470512453
1215,NG_070788.1,NG_070788.1,0.12768669155190726
1216,NG_070788.1,NG_070788.1,0.08470553980163369
1217,NG_070788.1,NG_063102.1,0.044516489059008145
1218,NG_070788.1,NG_070788.1,0.9096062051906804
1219,NG_070788.1,NG_070788.1,0.6577993275100019
1220,NG_070788.1,NG_070788.1,0.10944384031071976
1221,NG_070788.1,NG_063522.1,0.11674987856654656
1222,NG_070788.1,NG_070788.1,0.10324666498301466
1223,NG_070788.1,NG_070788.1,0.34414017400143543
1224,NG_070788.1,NG_070788.1,0.8807884895808706
1225,NG_070788.1,NG_070788.1,0.18053603124662
1226,NG_070788.1,NG_061032.1,0.16639386229883565
1227,NG_070788.1,NG_070788.1,0.7382540712371569
1228,NG_070788.1,NG_070788.1,0.1906328476275143
1229,NG_070788.1,NG_070788.1,0.2767866248584927
1230,NG_070788.1,NG_070788.1,0.23306165193165973
1231,NG_070788.1,NG_070788.1,0.6927070492828963
1232,NG_070788.1,NG_061032.1,0.11662727884740219
1233,NG_070788.1,NG_061032.1,0.7623948434580811
1234,NG_070788.1,NG_070788.1,0.9162197068870308
1235,NG_070788.1,NG_070788.1,0.9188350362392254
1236,NG_070788.1,NG_070788.1,0.9238014609237045
1237,NG_070788.1,NG_070788.1,0.8433666089090628
1238,NG_070788.1,NG_070788.1,0.9029146441305016
1239,NG_070788.1,NG_070788.1,0.1707440808018067
1240,NG_070788.1,NG_070788.1,0.8875199452643072
1241,NG_070788.1,NG_065802.1,0.03547878984373431
1242,NG_070788.1,NG_070788.1,0.839788304574015
1243,NG_070788.1,NG_061032.1,0.0751009093821664
1244,NG_070788.1,NG_070788.1,0.2751123893644084
1245,NG_070788.1,NG_070788.1,0.8259571577532206
1246,NG_070788.1,NG_070788.1,0.5974599234680052
1247,NG_070788.1,NG_061032.1,0.2955316428963106
1248,NG_070788.1,NG_061033.1,0.04028874575222227
1249,NG_070788.1,NG_070788.1,0.34144113009963206
1250,NG_063529.1,NG_063529.1,0.18466608880402163
1251,NG_063529.1,NG_063529.1,0.6614858021411701
1252,NG_063529.1,NG_063531.1,0.11096328431719317
1253,NG_063529.1,NG_063532.1,0.45580635614763887
1254,NG_063529.1,NG_063529.1,0.30145179819822665
1255,NG_063529.1,NG_063532.1,0.369241422792487
1256,NG_063529.1,NG_063529.1,0.5116708128262928
1257,NG_063529.1,NG_061036.1,0.4643570217357008
1258,NG_063529.1,NG_063529.1,0.5102062919451412
1259,NG_063529.1,NG_063529.1,0.3818289477922049
1260,NG_063529.1,NG_063522.1,0.46339816784045895
1261,NG_063529.1,NG_063529.1,0.6431718310966112
1262,NG_063529.1,NG_061040.1,0.418978776939241
1263,NG_063529.1,NG_061040.1,0.22229467512899598
1264,NG_063529.1,NG_063521.1,0.3462529283690888
1265,NG_063529.1,NG_063529.1,0.2769589706014667
1266,NG_063529.1,NG_063532.1,0.4810237574080691
1267,NG_063529.1,NG_063529.1,0.603334290717208
1268,NG_063529.1,NG_063529.1,0.6840644688018338
1269,NG_063529.1,NG_063532.1,0.5114802249784808
1270,NG_063529.1,NG_063532.1,0.42293160685865067
1271,NG_063529.1,NG_063529.1,0.272959594677062
1272,NG_063529.1,NG_061040.1,0.06336960649891964
1273,NG_063529.1,NG_061036.1,0.08116915251899771
1274,NG_063529.1,NG_063529.1,0.6189288301791289
1275,NG_063529.1,NG_063529.1,0.25626287847595197
1276,NG_063529.1,NG_063529.1,0.5038545823559983
1277,NG_063529.1,NG_063529.1,0.16406633737622336
1278,NG_063529.1,NG_063529.1,0.29203254187656613
1279,NG_063529.1,NG_063529.1,0.2674462668764652
1280,NG_063529.1,NG_063521.1,0.2271690179157726
1281,NG_063529.1,NG_063532.1,0.2056275922413735
1282,NG_063529.1,NG_063532.1,0.1720664333345857
1283,NG_063529.1,NG_063529.1,0.6024921161273309
1284,NG_063529.1,NG_063532.1,0.19266605904276385
1285,NG_063529.1,NG_063529.1,0.05995078583094081
1286,NG_063529.1,NG_063532.1,0.4039136467113679
1287,NG_063529.1,NG_063532.1,0.1855363218514669
1288,NG_063529.1,NG_063529.1,0.6434672945238185
1289,NG_063529.1,NG_063522.1,0.06996390336107648
1290,NG_063529.1,NG_063522.1,0.08069127344287377
1291,NG_063529.1,NG_063529.1,0.6577208150193042
1292,NG_063529.1,NG_063529.1,0.5023139086115008
1293,NG_063529.1,NG_063529.1,0.5850492236100645
1294,NG_063529.1,NG_063529.1,0.1708957867230329
1295,NG_063529.1,NG_063529.1,0.5641110801870718
1296,NG_063529.1,NG_063524.1,0.1513462779442123
1297,NG_063529.1,NG_063524.1,0.17723154858587878
1298,NG_063529.1,NG_063529.1,0.13633045161272567
1299,NG_063529.1,NG_063529.1,0.4519485663361985
1300,NG_063530.1,NG_063530.1,0.8032146210014662
1301,NG_063530.1,NG_063530.1,0.4176389856901172
1302,NG_063530.1,NG_063521.1,0.2027501107247755
1303,NG_063530.1,NG_063532.1,0.14082449432960012
1304,NG_063530.1,NG_062140.1,0.7725840771738192
1305,NG_063530.1,NG_063530.1,0.5831647859150743
1306,NG_063530.1,NG_063522.1,0.19169868047477134
1307,NG_063530.1,NG_063530.1,0.14242929269777915
1308,NG_063530.1,NG_063530.1,0.8195207373453346
1309,NG_063530.1,NG_063530.1,0.767796925629252
1310,NG_063530.1,NG_063530.1,0.6856231086482071
1311,NG_063530.1,NG_063530.1,0.1894142889484673
1312,NG_063530.1,NG_063522.1,0.3473696420841381
1313,NG_063530.1,NG_063530.1,0.7707244164223215
1314,NG_063530.1,NG_063529.1,0.06342629742452519
1315,NG_063530.1,NG_061040.1,0.5427220348164689
1316,NG_063530.1,NG_063530.1,0.6736970930984689
1317,NG_063530.1,NG_063530.1,0.7505227531438629
1318,NG_063530.1,NG_063530.1,0.5437329544026087
1319,NG_063530.1,NG_063522.1,0.09149786465156103
1320,NG_063530.1,NG_063530.1,0.7784429997748522
1321,NG_063530.1,NG_063522.1,0.2698589548226319
1322,NG_063530.1,NG_063522.1,0.5387476138335519
1323,NG_063530.1,NG_063530.1,0.30495341508568363
1324,NG_063530.1,NG_063530.1,0.6141017099041368
1325,NG_063530.1,NG_063530.1,0.8300984482282215
1326,NG_063530.1,NG_061040.1,0.31811725605053526
1327,NG_063530.1,NG_063530.1,0.20275691803962093
1328,NG_063530.1,NG_063522.1,0.2187306067770047
1329,NG_063530.1,NG_063522.1,0.27971523679108895
1330,NG_063530.1,NG_063530.1,0.1853706392128038
1331,NG_063530.1,NG_063530.1,0.25009799426825446
1332,NG_063530.1,NG_063530.1,0.3991639406814855
1333,NG_063530.1,NG_063530.1,0.6170209011753486
1334,NG_063530.1,NG_063530.1,0.37457810432980154
1335,NG_063530.1,NG_063522.1,0.5409465753062781
1336,NG_063530.1,NG_063530.1,0.8123743761542822
1337,NG_063530.1,NG_063530.1,0.41870000721645534
1338,NG_063530.1,NG_063530.1,0.11040652046957798
1339,NG_063530.1,NG_063530.1,0.46598403321140697
1340,NG_063530.1,NG_061040.1,0.2381453226530651
1341,NG_063530.1,NG_062140.1,0.3875094924944312
1342,NG_063530.1,NG_063530.1,0.15539457348353164
1343,NG_063530.1,NG_062140.1,0.12900323647205927
1344,NG_063530.1,NG_063530.1,0.330029042102602
1345,NG_063530.1,NG_063530.1,0.3539492205699985
1346,NG_063530.1,NG_063530.1,0.3725181959971493
1347,NG_063530.1,NG_063530.1,0.7660433099193404
1348,NG_063530.1,NG_061040.1,0.09316876223710917
1349,NG_063530.1,NG_063522.1,0.38999332109164186
1350,NG_061040.1,NG_061040.1,0.2133417710374288
1351,NG_061040.1,NG_061040.1,0.2651167936995117
1352,NG_061040.1,NG_061040.1,0.8073826770492825
1353,NG_061040.1,NG_061040.1,0.3812369100770547
1354,NG_061040.1,NG_063531.1,0.15015887022879285
1355,NG_061040.1,NG_061040.1,0.6632267874959734
1356,NG_061040.1,NG_063530.1,0.2354095972463012
1357,NG_061040.1,NG_061040.1,0.8302015017691853
1358,NG_061040.1,NG_062140.1,0.3241682460929225
1359,NG_061040.1,NG_061036.1,0.24325289882251644
1360,NG_061040.1,NG_063522.1,0.5417889557558243
1361,NG_061040.1,NG_061040.1,0.4246133624985848
1362,NG_061040.1,NG_061040.1,0.7207063430502698
1363,NG_061040.1,NG_063529.1,0.2830806263270934
1364,NG_061040.1,NG_063524.1,0.518882266189906
1365,NG_061040.1,NG_063522.1,0.5433602251492947
1366,NG_061040.1,NG_061040.1,0.2697858509993379
1367,NG_061040.1,NG_063521.1,0.16347391027403138
1368,NG_061040.1,NG_061040.1,0.7148442041240952
1369,NG_061040.1,NG_061040.1,0.8447087629667516
1370,NG_061040.1,NG_061040.1,0.13487260450603084
1371,NG_061040.1,NG_061040.1,0.09632190625660533
1372,NG_061040.1,NG_063524.1,0.1374032376257743
1373,NG_061040.1,NG_061040.1,0.8016141307209194
1374,NG_061040.1,NG_061040.1,0.10621462979446293
1375,NG_061040.1,NG_070788.1,0.052952824196297904
1376,NG_061040.1,NG_061040.1,0.8256860896461515
1377,NG_061040.1,NG_063522.1,0.129671731288808
1378,NG_061040.1,NG_063530.1,0.10910150426846088
1379,NG_061040.1,NG_061040.1,0.36090430769462994
1380,NG_061040.1,NG_063524.1,0.12665763769377208
1381,NG_061040.1,NG_063530.1,0.789598623958281
1382,NG_061040.1,NG_063530.1,0.08799524045983569
1383,NG_061040.1,NG_061040.1,0.5720945835765197
1384,NG_061040.1,NG_063522.1,0.1774097649317691
1385,NG_061040.1,NG_061040.1,0.8504703557105439
1386,NG_061040.1,NG_061040.1,0.7772791973660196
1387,NG_061040.1,NG_063529.1,0.18333766912466049
1388,NG_061040.1,NG_062140.1,0.15368002813824083
1389,NG_061040.1,NG_061040.1,0.17372449927243017
1390,NG_061040.1,NG_063532.1,0.35857786178410245
1391,NG_061040.1,NG_061040.1,0.20675621716064854
1392,NG_061040.1,NG_061040.1,0.8417352596633761
1393,NG_061040.1,NG_063532.1,0.0522034290604085
1394,NG_061040.1,NG_063522.1,0.17059126015867193
1395,NG_061040.1,NG_061040.1,0.8369373872668973
1396,NG_061040.1,NG_061040.1,0.4781120006735853
1397,NG_061040.1,NG_061040.1,0.5085801460719145
1398,NG_061040.1,NG_063529.1,0.2440503591521242
1399,NG_061040.1,NG_063522.1,0.12801993394165503
1400,NG_063531.1,NG_063524.1,0.07288786086870179
1401,NG_063531.1,NG_063531.1,0.551721035347851
1402,NG_063531.1,NG_063522.1,0.4106287103302112
1403,NG_063531.1,NG_063531.1,0.13490171163255188
1404,NG_063531.1,NG_063530.1,0.1592635959051394
1405,NG_063531.1,NG_063531.1,0.5190763663048812
1406,NG_063531.1,NG_063530.1,0.053149298011070455
1407,NG_063531.1,NG_063524.1,0.04322104062598823
1408,NG_063531.1,NG_065159.1,0.040612072342854647
1409,NG_063531.1,NG_063532.1,0.10392703411005791
1410,NG_063531.1,NG_063529.1,0.052811400070960406
1411,NG_063531.1,NG_063531.1,0.9170331098506669
1412,NG_063531.1,NG_063531.1,0.8703481427284434
1413,NG_063531.1,NG_063531.1,0.8966140999835555
1414,NG_063531.1,NG_063532.1,0.06454686557862438
1415,NG_063531.1,NG_063531.1,0.8627417657923657
1416,NG_063531.1,NG_063522.1,0.1651914473973764
1417,NG_063531.1,NG_063531.1,0.9292300939064764
1418,NG_063531.1,NG_063531.1,0.1001431391633339
1419,NG_063531.1,NG_063531.1,0.8995424769194322
1420,NG_063531.1,NG_063522.1,0.22791815657903555
1421,NG_063531.1,NG_063524.1,0.10734874025727893
1422,NG_063531.1,NG_063531.1,0.9176679118944995
1423,NG_063531.1,NG_063531.1,0.8947218977045264
1424,NG_063531.1,NG_063531.1,0.8879878405344562
1425,NG_063531.1,NG_062140.1,0.0789359350477429
1426,NG_063531.1,NG_063522.1,0.1231286173216472
1427,NG_063531.1,NG_063524.1,0.34876261534953445
1428,NG_063531.1,NG_063531.1,0.14791861398567308
1429,NG_063531.1,NG_063531.1,0.5947609182416307
1430,NG_063531.1,NG_063531.1,0.9201699506434582
1431,NG_063531.1,NG_063531.1,0.8719669878671575
1432,NG_063531.1,NG_063531.1,0.7823245982134323
1433,NG_063531.1,NG_063524.1,0.17545787448571096
1434,NG_063531.1,NG_063524.1,0.2056797968443953
1435,NG_063531.1,NG_063524.1,0.08349434046271804
1436,NG_063531.1,NG_063524.1,0.3467947806090472
1437,NG_063531.1,NG_063531.1,0.7959463245674996
1438,NG_063531.1,NG_063531.1,0.9249521796044953
1439,NG_063531.1,NG_063532.1,0.08572342623418608
1440,NG_063531.1,NG_063521.1,0.6011118781839812
1441,NG_063531.1,NG_063531.1,0.5479997386121402
1442,NG_063531.1,NG_063531.1,0.9319688126462246
1443,NG_063531.1,NG_063521.1,0.24933385862662896
1444,NG_063531.1,NG_063531.1,0.9368401274035288
1445,NG_063531.1,NG_063531.1,0.8969948622326128
1446,NG_063531.1,NG_063521.1,0.6011118781839812
1447,NG_063531.1,NG_063531.1,0.5329234122319326
1448,NG_063531.1,NG_063522.1,0.06487819312754803
1449,NG_063531.1,NG_063531.1,0.2302019872758617
1450,NG_063532.1,NG_063529.1,0.5551264132588674
1451,NG_063532.1,NG_063532.1,0.42774776036171047
1452,NG_063532.1,NG_063532.1,0.24182952277404784
1453,NG_063532.1,NG_063524.1,0.150143610848482
1454,NG_063532.1,NG_063529.1,0.34470818174852685
1455,NG_063532.1,NG_061036.1,0.08786623468743672
1456,NG_063532.1,NG_061036.1,0.7653383370140397
1457,NG_063532.1,NG_063531.1,0.14930011339426383
1458,NG_063532.1,NG_063532.1,0.26533090186774727
1459,NG_063532.1,NG_063532.1,0.05121236289230466
1460,NG_063532.1,NG_063530.1,0.09292122914193134
1461,NG_063532.1,NG_061040.1,0.10873324199095588
1462,NG_063532.1,NG_063532.1,0.4348783375826761
1463,NG_063532.1,NG_063524.1,0.8581878278986749
1464,NG_063532.1,NG_063529.1,0.6648303329317957
1465,NG_063532.1,NG_062140.1,0.43850680526173524
1466,NG_063532.1,NG_063529.1,0.31383808913440947
1467,NG_063532.1,NG_062140.1,0.5634520983171978
1468,NG_063532.1,NG_063529.1,0.05320612984105603
1469,NG_063532.1,NG_063522.1,0.4498382892922547
1470,NG_063532.1,NG_063532.1,0.42208314996231594
1471,NG_063532.1,NG_063532.1,0.3117720962183457
1472,NG_063532.1,NG_063531.1,0.10229258590606176
1473,NG_063532.1,NG_063521.1,0.8936437024241505
1474,NG_063532.1,NG_063529.1,0.5901892063673502
1475,NG_063532.1,NG_061034.1,0.045175309797238786
1476,NG_063532.1,NG_063522.1,0.2067092322372595
1477,NG_063532.1,NG_063532.1,0.12043891729140196
1478,NG_063532.1,NG_063521.1,0.8295562798374291
1479,NG_063532.1,NG_063532.1,0.3643809759785782
1480,NG_063532.1,NG_061036.1,0.39913355613166374
1481,NG_063532.1,NG_063532.1,0.19016426572794903
1482,NG_063532.1,NG_063529.1,0.5067054121961266
1483,NG_063532.1,NG_063529.1,0.11646285189648188
1484,NG_063532.1,NG_063532.1,0.46297770466869503
1485,NG_063532.1,NG_063522.1,0.11233623309343066
1486,NG_063532.1,NG_063532.1,0.30828193145363697
1487,NG_063532.1,NG_063521.1,0.060809879726373785
1488,NG_063532.1,NG_063532.1,0.4080234820087799
1489,NG_063532.1,NG_063529.1,0.6973625827856968
1490,NG_063532.1,NG_063529.1,0.6806758408456489
1491,NG_063532.1,NG_063532.1,0.45554311745773574
1492,NG_063532.1,NG_063524.1,0.2113331388327515
1493,NG_063532.1,NG_063529.1,0.6842308782644104
1494,NG_063532.1,NG_063532.1,0.45515446331730536
1495,NG_063532.1,NG_065802.1,0.14908833490719642
1496,NG_063532.1,NG_063524.1,0.19271455733317183
1497,NG_063532.1,NG_063532.1,0.23095217250023306
1498,NG_063532.1,NG_063532.1,0.20852145067036557
1499,NG_063532.1,NG_063529.1,0.3348223742304396
1500,NG_061036.1,NG_061036.1,0.397321913912266
1501,NG_061036.1,NG_061036.1,0.08343467827002826
1502,NG_061036.1,NG_062140.1,0.30847370931379575
1503,NG_061036.1,NG_063529.1,0.12982265617260946
1504,NG_061036.1,NG_061036.1,0.6977133985962995
1505,NG_061036.1,NG_061036.1,0.7876796360333033
1506,NG_061036.1,NG_061036.1,0.7835418004367838
1507,NG_061036.1,NG_061036.1,0.17645065659764259
1508,NG_061036.1,NG_061036.1,0.36885658584617786
1509,NG_061036.1,NG_063530.1,0.06422355496812746
1510,NG_061036.1,NG_063530.1,0.12863241263921726
1511,NG_061036.1,NG_061036.1,0.2111535720325779
1512,NG_061036.1,NG_061036.1,0.08133965336890171
1513,NG_061036.1,NG_063108.1,0.13145647430374455
1514,NG_061036.1,NG_061036.1,0.06375827222527498
1515,NG_061036.1,NG_063524.1,0.05767895921008635
1516,NG_061036.1,NG_062140.1,0.09725055034623503
1517,NG_061036.1,NG_061040.1,0.07431134073436456
1518,NG_061036.1,NG_061036.1,0.5187104127579262
1519,NG_061036.1,NG_061036.1,0.15464381644691244
1520,NG_061036.1,NG_061036.1,0.24317656774716626
1521,NG_061036.1,NG_061036.1,0.42566323763908087
1522,NG_061036.1,NG_061036.1,0.06435798799958001
1523,NG_061036.1,NG_063522.1,0.058035747593322154
1524,NG_061036.1,NG_061036.1,0.7939114384663356
1525,NG_061036.1,NG_061036.1,0.9077991698037106
1526,NG_061036.1,NG_061036.1,0.29030020125624884
1527,NG_061036.1,NG_061036.1,0.2708607486444799
1528,NG_061036.1,NG_063532.1,0.11811367080666867
1529,NG_061036.1,NG_061036.1,0.8287092663404365
1530,NG_061036.1,NG_063522.1,0.2977978127837061
1531,NG_061036.1,NG_063530.1,0.08740872678144562
1532,NG_061036.1,NG_061036.1,0.34256423444855855
1533,NG_061036.1,NG_061036.1,0.5742503961956195
1534,NG_061036.1,NG_061036.1,0.13485472980041538
1535,NG_061036.1,NG_061036.1,0.3744823683977177
1536,NG_061036.1,NG_063532.1,0.08547347060776118
1537,NG_061036.1,NG_063522.1,0.17199371834213073
1538,NG_061036.1,NG_062683.1,0.3829870436738461
1539,NG_061036.1,NG_061036.1,0.8780404396051965
1540,NG_061036.1,NG_063524.1,0.08733506865305199
1541,NG_061036.1,NG_061036.1,0.13986034146535897
1542,NG_061036.1,NG_061036.1,0.3947772658406738
1543,NG_061036.1,NG_065155.1,0.041883294492534466
1544,NG_061036.1,NG_063529.1,0.2660317409537028
1545,NG_061036.1,NG_061036.1,0.9075376665034871
1546,NG_061036.1,NG_063521.1,0.5201271051063661
1547,NG_061036.1,NG_061036.1,0.913657554203337
1548,NG_061036.1,NG_061036.1,0.555506788325682
1549,NG_061036.1,NG_061036.1,0.7865697629416519
1550,NG_061037.1,NG_061032.1,0.415222769348333
1551,NG_061037.1,NG_061037.1,0.310087015867978
1552,NG_061037.1,NG_061037.1,0.9547213842935012
1553,NG_061037.1,NG_061033.1,0.06587747052861043
1554,NG_061037.1,NG_061037.1,0.8818088083126627
1555,NG_061037.1,NG_061037.1,0.8391492957926756
1556,NG_061037.1,NG_061037.1,0.9478401467958769
1557,NG_061037.1,NG_061037.1,0.6303241353458245
1558,NG_061037.1,NG_061033.1,0.4832436900123996
1559,NG_061037.1,NG_065157.1,0.034913916761827715
1560,NG_061037.1,NG_061037.1,0.9342113027371283
1561,NG_061037.1,NG_061037.1,0.9746127164524853
1562,NG_061037.1,NG_061037.1,0.9442297052867128
1563,NG_061037.1,NG_061037.1,0.962384932864381
1564,NG_061037.1,NG_061037.1,0.7330089264338486
1565,NG_061037.1,NG_061033.1,0.08117556354301596
1566,NG_061037.1,NG_061037.1,0.9632993464987694
1567,NG_061037.1,NG_061037.1,0.7924949774738863
1568,NG_061037.1,NG_061037.1,0.9510772283507377
1569,NG_061037.1,NG_061037.1,0.462766557025489
1570,NG_061037.1,NG_061037.1,0.6799425768947887
1571,NG_061037.1,NG_061037.1,0.9276385485363471
1572,NG_061037.1,NG_061037.1,0.6313221239161723
1573,NG_061037.1,NG_061037.1,0.970565905606148
1574,NG_061037.1,NG_061033.1,0.3191862447967698
1575,NG_061037.1,NG_061033.1,0.11882898971701945
1576,NG_061037.1,NG_061037.1,0.3869393845001417
1577,NG_061037.1,NG_061037.1,0.31673217774627027
1578,NG_061037.1,NG_070788.1,0.05792812729878531
1579,NG_061037.1,NG_061037.1,0.9760146556862817
1580,NG_061037.1,NG_061037.1,0.9755555163256255
1581,NG_061037.1,NG_061033.1,0.10187044754992598
1582,NG_061037.1,NG_061037.1,0.5857544406407754
1583,NG_061037.1,NG_061037.1,0.5655350733096375
1584,NG_061037.1,NG_061037.1,0.729286489627925
1585,NG_061037.1,NG_061032.1,0.045667744362446
1586,NG_061037.1,NG_061037.1,0.6540479363085138
1587,NG_061037.1,NG_061037.1,0.9760104308725633
1588,NG_061037.1,NG_061037.1,0.8423735747218842
1589,NG_061037.1,NG_061037.1,0.9718360162312485
1590,NG_061037.1,NG_061037.1,0.20931138380745387
1591,NG_061037.1,NG_062683.1,0.13945805060360295
1592,NG_061037.1,NG_070788.1,0.11342532306454016
1593,NG_061037.1,NG_070788.1,0.1140988508921655
1594,NG_061037.1,NG_061033.1,0.1508365564544759
1595,NG_061037.1,NG_061037.1,0.9433622747612643
1596,NG_061037.1,NG_061037.1,0.5801197228974388
1597,NG_061037.1,NG_061037.1,0.47650057467588375
1598,NG_061037.1,NG_061037.1,0.06058637656372879
1599,NG_061037.1,NG_065157.1,0.04402319248466498
1600,NG_063105.1,NG_065156.1,0.07766557117653645
1601,NG_063105.1,NG_065158.1,0.17697380070133928
1602,NG_063105.1,NG_063107.1,0.2786274373602612
1603,NG_063105.1,NG_070799.1,0.06198414435961734
1604,NG_063105.1,NG_062444.1,0.17168610764968686
1605,NG_063105.1,NG_063107.1,0.1842888997553312
1606,NG_063105.1,NG_070799.1,0.06708899260632101
1607,NG_063105.1,NG_065155.1,0.11042560857529311
1608,NG_063105.1,NG_062443.1,0.10888257297099292
1609,NG_063105.1,NG_070799.1,0.08085957938084522
1610,NG_063105.1,NG_063105.1,0.6624998440323614
1611,NG_063105.1,NG_065158.1,0.11937848106867255
1612,NG_063105.1,NG_065803.1,0.06312572494321084
1613,NG_063105.1,NG_062442.1,0.08735435622601663
1614,NG_063105.1,NG_063105.1,0.09959231306416999
1615,NG_063105.1,NG_063105.1,0.6576427727511011
1616,NG_063105.1,NG_063105.1,0.6774045672390152
1617,NG_063105.1,NG_063105.1,0.24792895465123693
1618,NG_063105.1,NG_063105.1,0.1632311637121237
1619,NG_063105.1,NG_061300.1,0.09127230025798089
1620,NG_063105.1,NG_070799.1,0.12425278318319607
1621,NG_063105.1,NG_063104.1,0.16994924793820618
1622,NG_063105.1,NG_062443.1,0.07655942702582673
1623,NG_063105.1,NG_063105.1,0.6072904256035889
1624,NG_063105.1,NG_063105.1,0.4066188892782385
1625,NG_063105.1,NG_063107.1,0.4004117308710354
1626,NG_063105.1,NG_063104.1,0.12142848971526107
1627,NG_063105.1,NG_063105.1,0.2107884001058831
1628,NG_063105.1,NG_063105.1,0.41449556245841507
1629,NG_063105.1,NG_063105.1,0.3337247445999946
1630,NG_063105.1,NG_065159.1,0.14020947325363822
1631,NG_063105.1,NG_065159.1,0.07841331011908498
1632,NG_063105.1,NG_070799.1,0.11718571159168649
1633,NG_063105.1,NG_063105.1,0.14557966404189346
1634,NG_063105.1,NG_065155.1,0.11222245444901278
1635,NG_063105.1,NG_061300.1,0.13871130968967532
1636,NG_063105.1,NG_062443.1,0.08517413079808352
1637,NG_063105.1,NG_063105.1,0.649475261775256
1638,NG_063105.1,NG_063107.1,0.11073700645373388
1639,NG_063105.1,NG_063108.1,0.1247181874346244
1640,NG_063105.1,NG_062443.1,0.07254005545779085
1641,NG_063105.1,NG_063105.1,0.17109002554693017
1642,NG_063105.1,NG_063105.1,0.642226321558832
1643,NG_063105.1,NG_063105.1,0.6234064117578152
1644,NG_063105.1,NG_062442.1,0.17737808063941687
1645,NG_063105.1,NG_063107.1,0.22912374745772235
1646,NG_063105.1,NG_063105.1,0.6301354186325784
1647,NG_063105.1,NG_063107.1,0.3482553963659228
1648,NG_063105.1,NG_063105.1,0.26134713878411175
1649,NG_063105.1,NG_063105.1,0.6302854252568136
1650,NG_063104.1,NG_070799.1,0.1596909443276215
1651,NG_063104.1,NG_065158.1,0.08114352295314957
1652,NG_063104.1,NG_065159.1,0.12195369806548953
1653,NG_063104.1,NG_063107.1,0.298414796864991
1654,NG_063104.1,NG_065159.1,0.07908669289822019
1655,NG_063104.1,NG_063104.1,0.11041641594589414
1656,NG_063104.1,NG_063105.1,0.22204526835205962
1657,NG_063104.1,NG_062444.1,0.09461981394324237
1658,NG_063104.1,NG_065159.1,0.1254748262387147
1659,NG_063104.1,NG_070799.1,0.06175084836002559
1660,NG_063104.1,NG_062444.1,0.06667011094791117
1661,NG_063104.1,NG_062444.1,0.5500547109139153
1662,NG_063104.1,NG_065155.1,0.10569200745464463
1663,NG_063104.1,NG_065158.1,0.03917853250672391
1664,NG_063104.1,NG_062443.1,0.10167005467485797
1665,NG_063104.1,NG_070799.1,0.09735888271991497
1666,NG_063104.1,NG_063108.1,0.09474407196532135
1667,NG_063104.1,NG_065159.1,0.13056704092742544
1668,NG_063104.1,NG_061300.1,0.07342597001212008
1669,NG_063104.1,NG_063104.1,0.09825268566618599
1670,NG_063104.1,NG_063104.1,0.13173412709127558
1671,NG_063104.1,NG_063104.1,0.1822672152236483
1672,NG_063104.1,NG_063108.1,0.2358964091066538
1673,NG_063104.1,NG_065155.1,0.06993910635235857
1674,NG_063104.1,NG_063104.1,0.14414180753492709
1675,NG_063104.1,NG_070799.1,0.14291855393352912
1676,NG_063104.1,NG_063105.1,0.11346726972321958
1677,NG_063104.1,NG_063105.1,0.33527593034279574
1678,NG_063104.1,NG_063104.1,0.10606417213079886
1679,NG_063104.1,NG_063108.1,0.10278287934295775
1680,NG_063104.1,NG_063107.1,0.046119855030752374
1681,NG_063104.1,NG_065159.1,0.15112114094204027
1682,NG_063104.1,NG_065155.1,0.07117941877943419
1683,NG_063104.1,NG_063104.1,0.11885019058051971
1684,NG_063104.1,NG_063107.1,0.20648690553953356
1685,NG_063104.1,NG_065155.1,0.10320554264066646
1686,NG_063104.1,NG_065159.1,0.08194890838549725
1687,NG_063104.1,NG_063104.1,0.17447244253483285
1688,NG_063104.1,NG_062442.1,0.10353803468905301
1689,NG_063104.1,NG_063107.1,0.13151452775957975
1690,NG_063104.1,NG_065158.1,0.08070027528537345
1691,NG_063104.1,NG_065803.1,0.04559454844706987
1692,NG_063104.1,NG_063104.1,0.22236958799557457
1693,NG_063104.1,NG_070799.1,0.035225916473971566
1694,NG_063104.1,NG_063108.1,0.08241721141123769
1695,NG_063104.1,NG_063104.1,0.08257525554857464
1696,NG_063104.1,NG_063107.1,0.13436742797716264
1697,NG_063104.1,NG_063107.1,0.06173806123811071
1698,NG_063104.1,NG_063104.1,0.06155876450236287
1699,NG_063104.1,NG_063104.1,0.1263623704148498
1700,NG_063108.1,NG_070799.1,0.037293207834093345
1701,NG_063108.1,NG_062444.1,0.4481112666510031
1702,NG_063108.1,NG_063107.1,0.2591080817505674
1703,NG_063108.1,NG_065156.1,0.07197001336501094
1704,NG_063108.1,NG_065156.1,0.11823586988565654
1705,NG_063108.1,NG_063108.1,0.269508244057543
1706,NG_063108.1,NG_063108.1,0.21915608286010685
1707,NG_063108.1,NG_061300.1,0.0642342139195323
1708,NG_063108.1,NG_065155.1,0.08015666921273708
1709,NG_063108.1,NG_062443.1,0.4638975540381829
1710,NG_063108.1,NG_063108.1,0.26985875597329156
1711,NG_063108.1,NG_063108.1,0.1593883089763473
1712,NG_063108.1,NG_063108.1,0.1699541630593875
1713,NG_063108.1,NG_063107.1,0.11062108808917666
1714,NG_063108.1,NG_061300.1,0.3848378300908353
1715,NG_063108.1,NG_061300.1,0.13144686031103994
1716,NG_063108.1,NG_065803.1,0.5421778813425794
1717,NG_063108.1,NG_063104.1,0.09170204713594646
1718,NG_063108.1,NG_065155.1,0.05915253742986953
1719,NG_063108.1,NG_063108.1,0.12935475217309605
1720,NG_063108.1,NG_062443.1,0.11131804352915829
1721,NG_063108.1,NG_063104.1,0.1725245124324076
1722,NG_063108.1,NG_065159.1,0.0729135461656585
1723,NG_063108.1,NG_061300.1,0.0688510498230374
1724,NG_063108.1,NG_062443.1,0.2758029931489329
1725,NG_063108.1,NG_065155.1,0.08725210582214318
1726,NG_063108.1,NG_065803.1,0.06968719925695323
1727,NG_063108.1,NG_063104.1,0.08919351488319163
1728,NG_063108.1,NG_063105.1,0.2824688371799465
1729,NG_063108.1,NG_070799.1,0.16443410919916882
1730,NG_063108.1,NG_063107.1,0.06658526519057441
1731,NG_063108.1,NG_063104.1,0.1626376131730961
1732,NG_063108.1,NG_063104.1,0.09243966811109999
1733,NG_063108.1,NG_063107.1,0.15182836404764943
1734,NG_063108.1,NG_063108.1,0.24737120083215597
1735,NG_063108.1,NG_063108.1,0.12977223259797624
1736,NG_063108.1,NG_065155.1,0.1915647847234477
1737,NG_063108.1,NG_061300.1,0.10295117878503504
1738,NG_063108.1,NG_063104.1,0.10531491254244056
1739,NG_063108.1,NG_062444.1,0.09187194863537503
1740,NG_063108.1,NG_065803.1,0.08252154675807354
1741,NG_063108.1,NG_063104.1,0.2682865512323723
1742,NG_063108.1,NG_061300.1,0.06125215582392146
1743,NG_063108.1,NG_065156.1,0.12020120271662654
1744,NG_063108.1,NG_062444.1,0.173543346469363
1745,NG_063108.1,NG_062444.1,0.07652853026332396
1746,NG_063108.1,NG_065803.1,0.1593365243454134
1747,NG_063108.1,NG_062443.1,0.2088090413771726
1748,NG_063108.1,NG_061300.1,0.08073284598543203
1749,NG_063108.1,NG_063104.1,0.1002209015780094
1750,NG_063107.1,NG_063104.1,0.11345522086422934
1751,NG_063107.1,NG_062444.1,0.0805572942841117
1752,NG_063107.1,NG_063107.1,0.3519961973513317
1753,NG_063107.1,NG_063104.1,0.11402608673138942
1754,NG_063107.1,NG_070799.1,0.10949655556742079
1755,NG_063107.1,NG_063108.1,0.2590068072218185
1756,NG_063107.1,NG_063107.1,0.25219081735181725
1757,NG_063107.1,NG_063108.1,0.1394469106723854
1758,NG_063107.1,NG_063107.1,0.23510016839375095
1759,NG_063107.1,NG_062443.1,0.14212337626481195
1760,NG_063107.1,NG_065159.1,0.09981412861524196
1761,NG_063107.1,NG_063105.1,0.13538604999868264
1762,NG_063107.1,NG_063105.1,0.14503807913998715
1763,NG_063107.1,NG_063107.1,0.15172113631544631
1764,NG_063107.1,NG_061300.1,0.047578371483789995
1765,NG_063107.1,NG_063104.1,0.1705728304117414
1766,NG_063107.1,NG_065155.1,0.12544683782131788
1767,NG_063107.1,NG_063108.1,0.13228126199793788
1768,NG_063107.1,NG_063107.1,0.21459480418927498
1769,NG_063107.1,NG_062444.1,0.11306153385845742
1770,NG_063107.1,NG_062444.1,0.05884111797257979
1771,NG_063107.1,NG_063104.1,0.13506481852988614
1772,NG_063107.1,NG_063104.1,0.21534723735978767
1773,NG_063107.1,NG_063104.1,0.12481137789227033
1774,NG_063107.1,NG_063105.1,0.5136159921419116
1775,NG_063107.1,NG_063108.1,0.07428284482210117
1776,NG_063107.1,NG_070799.1,0.06846376476930424
1777,NG_063107.1,NG_062443.1,0.0851817810945636
1778,NG_063107.1,NG_061300.1,0.21261788320547564
1779,NG_063107.1,NG_063105.1,0.5482242334157764
1780,NG_063107.1,NG_062442.1,0.12442803356576695
1781,NG_063107.1,NG_063105.1,0.42871289120723616
1782,NG_063107.1,NG_063107.1,0.15565199207025682
1783,NG_063107.1,NG_063104.1,0.16649687907098684
1784,NG_063107.1,NG_063104.1,0.09506131477714565
1785,NG_063107.1,NG_063107.1,0.3896085066503347
1786,NG_063107.1,NG_063105.1,0.051035349111353566
1787,NG_063107.1,NG_065159.1,0.0993595708003186
1788,NG_063107.1,NG_063107.1,0.4217139911411298
1789,NG_063107.1,NG_063104.1,0.11784693140227744
1790,NG_063107.1,NG_065156.1,0.09323222719742973
1791,NG_063107.1,NG_063108.1,0.08814703207510317
1792,NG_063107.1,NG_065159.1,0.10147872286735618
1793,NG_063107.1,NG_063107.1,0.14565124490306414
1794,NG_063107.1,NG_063107.1,0.10333753832022623
1795,NG_063107.1,NG_065159.1,0.0974275470477064
1796,NG_063107.1,NG_062443.1,0.19546284978595582
1797,NG_063107.1,NG_065159.1,0.039676033866895465
1798,NG_063107.1,NG_063107.1,0.2478294599803029
1799,NG_063107.1,NG_063107.1,0.13105592136946176
1800,NG_070799.1,NG_063104.1,0.14583100145224434
1801,NG_070799.1,NG_061300.1,0.08587717108308966
1802,NG_070799.1,NG_062442.1,0.14862534953235196
1803,NG_070799.1,NG_065156.1,0.05233655149323983
1804,NG_070799.1,NG_070799.1,0.2088803323385197
1805,NG_070799.1,NG_062443.1,0.08022802478998083
1806,NG_070799.1,NG_061300.1,0.08039630441017682
1807,NG_070799.1,NG_070799.1,0.07496706686489849
1808,NG_070799.1,NG_070799.1,0.1616308402886421
1809,NG_070799.1,NG_065155.1,0.08835125196799676
1810,NG_070799.1,NG_061300.1,0.3569035669838972
1811,NG_070799.1,NG_063104.1,0.09284634019420648
1812,NG_070799.1,NG_062443.1,0.05457989307029134
1813,NG_070799.1,NG_061300.1,0.07277504246004989
1814,NG_070799.1,NG_065159.1,0.119233873317691
1815,NG_070799.1,NG_065803.1,0.5073070029733451
1816,NG_070799.1,NG_063104.1,0.08863442008037002
1817,NG_070799.1,NG_063108.1,0.083279353443446
1818,NG_070799.1,NG_065803.1,0.22201370397878928
1819,NG_070799.1,NG_065159.1,0.08528766135796617
1820,NG_070799.1,NG_061300.1,0.09191366551859773
1821,NG_070799.1,NG_070799.1,0.23494039421141824
1822,NG_070799.1,NG_063105.1,0.07398115104749846
1823,NG_070799.1,NG_063104.1,0.06788294798804376
1824,NG_070799.1,NG_065155.1,0.07393224332952093
1825,NG_070799.1,NG_061300.1,0.09022146704598445
1826,NG_070799.1,NG_063104.1,0.07599017950920826
1827,NG_070799.1,NG_065159.1,0.10796385113028409
1828,NG_070799.1,NG_061300.1,0.1312142988091957
1829,NG_070799.1,NG_061300.1,0.07109802920514463
1830,NG_070799.1,NG_062444.1,0.0735563354486516
1831,NG_070799.1,NG_063107.1,0.19342477495073104
1832,NG_070799.1,NG_063108.1,0.07927790576498195
1833,NG_070799.1,NG_063105.1,0.604790268757868
1834,NG_070799.1,NG_062443.1,0.08291190618113639
1835,NG_070799.1,NG_063107.1,0.12376766955811248
1836,NG_070799.1,NG_070799.1,0.06221665221857395
1837,NG_070799.1,NG_065156.1,0.07402488622234914
1838,NG_070799.1,NG_062443.1,0.31972733112892093
1839,NG_070799.1,NG_061300.1,0.18741042631740804
1840,NG_070799.1,NG_062444.1,0.3695637400341204
1841,NG_070799.1,NG_062443.1,0.14122738790432152
1842,NG_070799.1,NG_063105.1,0.24062184971926728
1843,NG_070799.1,NG_063104.1,0.06867327692114018
1844,NG_070799.1,NG_065158.1,0.09396581709886055
1845,NG_070799.1,NG_065158.1,0.09706235353544022
1846,NG_070799.1,NG_070799.1,0.13982502268325162
1847,NG_070799.1,NG_062443.1,0.12881978068596273
1848,NG_070799.1,NG_063107.1,0.16340605415381274
1849,NG_070799.1,NG_063105.1,0.3945532906890201
1850,NG_065159.1,NG_063104.1,0.11928413803377548
1851,NG_065159.1,NG_070799.1,0.12003447460990094
1852,NG_065159.1,NG_063108.1,0.09283779304842803
1853,NG_065159.1,NG_063104.1,0.05607533773356118
1854,NG_065159.1,NG_061300.1,0.27878159327258273
1855,NG_065159.1,NG_065155.1,0.07427545026293574
1856,NG_065159.1,NG_063532.1,0.08787274905021476
1857,NG_065159.1,NG_065159.1,0.08784809418210661
1858,NG_065159.1,NG_063105.1,0.20713436672953234
1859,NG_065159.1,NG_062444.1,0.12980250545433406
1860,NG_065159.1,NG_065159.1,0.06838713113018198
1861,NG_065159.1,NG_062443.1,0.05799611188085183
1862,NG_065159.1,NG_063104.1,0.1402690712431585
1863,NG_065159.1,NG_065158.1,0.08434935609165786
1864,NG_065159.1,NG_065156.1,0.6119278888741413
1865,NG_065159.1,NG_063104.1,0.09195114917509177
1866,NG_065159.1,NG_061300.1,0.10116741575593023
1867,NG_065159.1,NG_063104.1,0.10284319749568263
1868,NG_065159.1,NG_063104.1,0.2711584507435532
1869,NG_065159.1,NG_063107.1,0.39101103891477507
1870,NG_065159.1,NG_065159.1,0.18815565526062708
1871,NG_065159.1,NG_063104.1,0.11991479306410317
1872,NG_065159.1,NG_065159.1,0.08440849950056749
1873,NG_065159.1,NG_062444.1,0.06965736883087202
1874,NG_065159.1,NG_063107.1,0.19939029089502505
1875,NG_065159.1,NG_063108.1,0.2639346230641667
1876,NG_065159.1,NG_063105.1,0.5081783694730411
1877,NG_065159.1,NG_062442.1,0.06348565018371692
1878,NG_065159.1,NG_063104.1,0.08490274593359033
1879,NG_065159.1,NG_065159.1,0.054457663702560506
1880,NG_065159.1,NG_063107.1,0.15136276194126727
1881,NG_065159.1,NG_062442.1,0.1251001940710225
1882,NG_065159.1,NG_065159.1,0.11818766110628566
1883,NG_065159.1,NG_065159.1,0.06758530273086229
1884,NG_065159.1,NG_063104.1,0.14609189348180082
1885,NG_065159.1,NG_063104.1,0.11272325043012915
1886,NG_065159.1,NG_063107.1,0.06814693403174414
1887,NG_065159.1,NG_061300.1,0.3945264704376205
1888,NG_065159.1,NG_065159.1,0.06856421618027116
1889,NG_065159.1,NG_063107.1,0.35432093887587196
1890,NG_065159.1,NG_062444.1,0.10877994787390037
1891,NG_065159.1,NG_065158.1,0.5173954757728085
1892,NG_065159.1,NG_063108.1,0.08984724457610538
1893,NG_065159.1,NG_065159.1,0.09195213295709972
1894,NG_065159.1,NG_062444.1,0.1533335899870704
1895,NG_065159.1,NG_065158.1,0.1917857534233692
1896,NG_065159.1,NG_063105.1,0.2554777437117492
1897,NG_065159.1,NG_063107.1,0.23502830047828396
1898,NG_065159.1,NG_063108.1,0.09687819325475254
1899,NG_065159.1,NG_065159.1,0.08059463100440559
1900,NG_061300.1,NG_061300.1,0.18305969046679305
1901,NG_061300.1,NG_061300.1,0.40903889185476755
1902,NG_061300.1,NG_063104.1,0.12852920773230173
1903,NG_061300.1,NG_061300.1,0.23161670641375648
1904,NG_061300.1,NG_062443.1,0.46508743836204014
1905,NG_061300.1,NG_061300.1,0.392450021227113
1906,NG_061300.1,NG_062442.1,0.10031620857544422
1907,NG_061300.1,NG_063104.1,0.07927317680147204
1908,NG_061300.1,NG_065803.1,0.19359688815791706
1909,NG_061300.1,NG_070799.1,0.10955127249784316
1910,NG_061300.1,NG_070799.1,0.05310489654569064
1911,NG_061300.1,NG_061300.1,0.40674275134638604
1912,NG_061300.1,NG_061300.1,0.18563133617239272
1913,NG_061300.1,NG_062443.1,0.389856147449814
1914,NG_061300.1,NG_065158.1,0.09962157563871263
1915,NG_061300.1,NG_062442.1,0.1339392812883939
1916,NG_061300.1,NG_065158.1,0.1273889302116378
1917,NG_061300.1,NG_063104.1,0.07215545289335663
1918,NG_061300.1,NG_063104.1,0.1150712319026155
1919,NG_061300.1,NG_062442.1,0.1490591999118653
1920,NG_061300.1,NG_070799.1,0.06400791966723986
1921,NG_061300.1,NG_061300.1,0.05877754167805809
1922,NG_061300.1,NG_061300.1,0.21942181413036618
1923,NG_061300.1,NG_063105.1,0.11769890281524334
1924,NG_061300.1,NG_063108.1,0.26709188374847614
1925,NG_061300.1,NG_063108.1,0.14641762037344455
1926,NG_061300.1,NG_065156.1,0.27885173797636764
1927,NG_061300.1,NG_061300.1,0.21799225338041509
1928,NG_061300.1,NG_061300.1,0.08504317984096676
1929,NG_061300.1,NG_061300.1,0.3047556768171627
1930,NG_061300.1,NG_062444.1,0.16090662818532483
1931,NG_061300.1,NG_061300.1,0.11071727263512406
1932,NG_061300.1,NG_063108.1,0.1094811974569625
1933,NG_061300.1,NG_062443.1,0.08485758699380375
1934,NG_061300.1,NG_065158.1,0.5060476528307366
1935,NG_061300.1,NG_063105.1,0.3366658305098007
1936,NG_061300.1,NG_062443.1,0.08429198509344497
1937,NG_061300.1,NG_065159.1,0.15614425188759362
1938,NG_061300.1,NG_061300.1,0.12804026657562648
1939,NG_061300.1,NG_063107.1,0.2588825536739599
1940,NG_061300.1,NG_063108.1,0.13228126199793788
1941,NG_061300.1,NG_062444.1,0.11444369875448594
1942,NG_061300.1,NG_065155.1,0.2813540025417645
1943,NG_061300.1,NG_061300.1,0.3569035669838972
1944,NG_061300.1,NG_063108.1,0.1798782125060233
1945,NG_061300.1,NG_061300.1,0.178029728415547
1946,NG_061300.1,NG_063104.1,0.11094816357296858
1947,NG_061300.1,NG_065803.1,0.5612136165805974
1948,NG_061300.1,NG_061300.1,0.37864722258058364
1949,NG_061300.1,NG_062443.1,0.10210543201243187
1950,NG_062442.1,NG_062444.1,0.27911606707734754
1951,NG_062442.1,NG_062444.1,0.21117801505373662
1952,NG_062442.1,NG_063104.1,0.14619325606144348
1953,NG_062442.1,NG_062444.1,0.11535795188661355
1954,NG_062442.1,NG_062444.1,0.1738502552307098
1955,NG_062442.1,NG_062444.1,0.12913483273113835
1956,NG_062442.1,NG_062444.1,0.12844621592728805
1957,NG_062442.1,NG_062444.1,0.3877569771184663
1958,NG_062442.1,NG_065156.1,0.11405530291627555
1959,NG_062442.1,NG_065803.1,0.237204536967504
1960,NG_062442.1,NG_061300.1,0.0833604828362078
1961,NG_062442.1,NG_062444.1,0.1560029307711024
1962,NG_062442.1,NG_065155.1,0.2635320558483012
1963,NG_062442.1,NG_062444.1,0.16654848294882
1964,NG_062442.1,NG_065803.1,0.062337561926980464
1965,NG_062442.1,NG_065158.1,0.227834051973417
1966,NG_062442.1,NG_065155.1,0.557779518911642
1967,NG_062442.1,NG_063104.1,0.1032418950026638
1968,NG_062442.1,NG_062444.1,0.12304541567334179
1969,NG_062442.1,NG_062444.1,0.2606568725342544
1970,NG_062442.1,NG_063105.1,0.24973390406864698
1971,NG_062442.1,NG_062442.1,0.08742602683225541
1972,NG_062442.1,NG_063108.1,0.07170258508010657
1973,NG_062442.1,NG_063105.1,0.1160062969728463
1974,NG_062442.1,NG_065159.1,0.10029563755862742
1975,NG_062442.1,NG_062444.1,0.39850736813084325
1976,NG_062442.1,NG_065155.1,0.20894779642805256
1977,NG_062442.1,NG_062444.1,0.2626106791453656
1978,NG_062442.1,NG_062444.1,0.18785512309100438
1979,NG_062442.1,NG_063108.1,0.10708565177802538
1980,NG_062442.1,NG_063105.1,0.3366658305098007
1981,NG_062442.1,NG_065159.1,0.07791166701612276
1982,NG_062442.1,NG_065156.1,0.06535748400198359
1983,NG_062442.1,NG_062444.1,0.3187966375594738
1984,NG_062442.1,NG_065158.1,0.5249625726537527
1985,NG_062442.1,NG_063104.1,0.12867474021763392
1986,NG_062442.1,NG_062444.1,0.44901119456492056
1987,NG_062442.1,NG_070799.1,0.16246207766922566
1988,NG_062442.1,NG_061300.1,0.13129456930585812
1989,NG_062442.1,NG_062443.1,0.08838567295986242
1990,NG_062442.1,NG_063105.1,0.0774568471393098
1991,NG_062442.1,NG_063104.1,0.15612221772167714
1992,NG_062442.1,NG_063108.1,0.1298643607239148
1993,NG_062442.1,NG_062444.1,0.09713528706662469
1994,NG_062442.1,NG_065803.1,0.5441718382264988
1995,NG_062442.1,NG_065156.1,0.1663998372796845
1996,NG_062442.1,NG_062444.1,0.1353314389771588
1997,NG_062442.1,NG_062444.1,0.5581524663431731
1998,NG_062442.1,NG_062444.1,0.30454934240906656
1999,NG_062442.1,NG_062444.1,0.21012812551879906
2000,NG_017185.1,NG_017185.1,0.9541031821491395
2001,NG_017185.1,NG_017185.1,0.957131275587008
2002,NG_017185.1,NG_017185.1,0.9634582095155857
2003,NG_017185.1,NG_017185.1,0.9838179900272407
2004,NG_017185.1,NG_062141.1,0.06409135712483435
2005,NG_017185.1,NG_017185.1,0.4615495207769057
2006,NG_017185.1,NG_017185.1,0.6780541773886262
2007,NG_017185.1,NG_017185.1,0.8370193720341732
2008,NG_017185.1,NG_017185.1,0.06422492860346425
2009,NG_017185.1,NG_017185.1,0.9859825302369644
2010,NG_017185.1,NG_017185.1,0.9611033632029301
2011,NG_017185.1,NG_017185.1,0.12082151279015704
2012,NG_017185.1,NG_017185.1,0.9375703107085791
2013,NG_017185.1,NG_017185.1,0.9583328582520209
2014,NG_017185.1,NG_017185.1,0.9810782951262487
2015,NG_017185.1,NG_017185.1,0.9850013839779345
2016,NG_017185.1,NG_017185.1,0.7544887097101431
2017,NG_017185.1,NG_017185.1,0.9832158693662749
2018,NG_017185.1,NG_017185.1,0.9741554307929695
2019,NG_017185.1,NG_017185.1,0.981386779382902
2020,NG_017185.1,NG_061040.1,0.12056596765450424
2021,NG_017185.1,NG_017185.1,0.6519715829882391
2022,NG_017185.1,NG_017185.1,0.044799913747293814
2023,NG_017185.1,NG_065156.1,0.07670613892038804
2024,NG_017185.1,NG_017185.1,0.9780939494272761
2025,NG_017185.1,NG_017185.1,0.7838538313384112
2026,NG_017185.1,NG_017185.1,0.12665273341881036
2027,NG_017185.1,NG_017185.1,0.9586145129369008
2028,NG_017185.1,NG_062683.1,0.0874127876983226
2029,NG_017185.1,NG_017185.1,0.9856380887308149
2030,NG_017185.1,NG_017185.1,0.6963219303943158
2031,NG_017185.1,NG_017185.1,0.9849857890290473
2032,NG_017185.1,NG_063524.1,0.05411444231101666
2033,NG_017185.1,NG_017185.1,0.2923015980021118
2034,NG_017185.1,NG_017185.1,0.3733118631035712
2035,NG_017185.1,NG_017185.1,0.9497364740343662
2036,NG_017185.1,NG_061032.1,0.12642664243267254
2037,NG_017185.1,NG_017185.1,0.9859553185183846
2038,NG_017185.1,NG_017185.1,0.8158458956995536
2039,NG_017185.1,NG_017185.1,0.9852500015166484
2040,NG_017185.1,NG_017185.1,0.9771209316032117
2041,NG_017185.1,NG_017185.1,0.9834942763733702
2042,NG_017185.1,NG_061034.1,0.05404748659914824
2043,NG_017185.1,NG_065153.1,0.039673098432350916
2044,NG_017185.1,NG_017185.1,0.46303710204429654
2045,NG_017185.1,NG_017185.1,0.09941120543940112
2046,NG_017185.1,NG_017185.1,0.9781051036783632
2047,NG_017185.1,NG_017185.1,0.9832702590424541
2048,NG_017185.1,NG_017185.1,0.3084242029091288
2049,NG_017185.1,NG_017185.1,0.41196624370632584
